NAME,total_population,median_age,white_non-hispanic,household_income,foreign_born_not_a_us_citizen,bachelors,gross_rent_median_price
06390,230,52.5,223,150703.0,4,34,1388.0
10001,23947,35.3,12349,85221.0,3814,6963,1912.0
10002,77925,41.8,16208,35449.0,13365,13236,936.0
10003,55035,32.6,40150,104441.0,6973,17264,2201.0
10004,2990,35.6,1882,140450.0,567,1227,3049.0
10005,8680,30.2,6200,154213.0,1321,2869,3141.0
10006,3579,30.7,2303,145893.0,510,1363,3011.0
10007,7036,35.4,4753,242644.0,1159,1980,3254.0
10009,60141,36.8,29968,60521.0,6256,17355,1549.0
10010,33119,34.6,21184,115084.0,3629,9830,2513.0
10011,50711,39.8,35997,123208.0,5589,16953,2125.0
10012,24527,34.5,16992,104561.0,3810,8278,2203.0
10013,29619,37.8,14966,106056.0,4326,8136,1615.0
10014,31794,36.8,26813,127973.0,3611,13259,2381.0
10016,51448,33.3,32397,109250.0,6265,18266,2506.0
10017,16388,39.9,11397,118469.0,2254,6356,2242.0
10018,9719,32.0,4439,107861.0,2685,3071,3008.0
10019,41592,39.6,24189,99063.0,6656,13322,2251.0
10021,44983,40.2,34829,123842.0,4372,14868,2108.0
10022,30807,47.7,24318,133208.0,2189,11168,2463.0
10023,61514,42.6,44309,123951.0,7483,15870,2305.0
10024,58512,43.1,44643,126107.0,5097,16081,2027.0
10025,94382,41.7,51020,82352.0,12258,21437,1442.0
10026,40105,34.4,8184,54349.0,4833,6487,1089.0
10027,65365,30.7,17126,45536.0,10282,9297,1100.0
10028,50091,38.8,40971,119203.0,4797,17011,2284.0
10029,80866,34.0,12508,34015.0,10527,10986,895.0
10030,30163,34.7,3068,36118.0,3424,3993,944.0
10031,62382,34.8,10711,44040.0,12686,8535,1240.0
10032,63185,34.6,8631,41890.0,14590,9241,1159.0
10033,60810,36.0,14228,53044.0,14568,9206,1341.0
10034,44186,36.4,7991,50909.0,10134,5688,1270.0
10035,35366,36.5,3645,27932.0,5877,3633,816.0
10036,26868,37.1,14393,93707.0,5900,9440,2136.0
10037,21184,34.4,1188,39979.0,1899,3184,1098.0
10038,22457,35.6,10020,85032.0,3144,5797,2055.0
10039,27203,32.8,1693,34197.0,3234,3184,902.0
10040,46003,36.6,9601,47189.0,10475,6892,1291.0
10044,11945,41.5,4734,92623.0,4745,2302,2310.0
10065,29565,40.3,24551,124322.0,3527,9630,2385.0
10069,5195,35.4,3627,137105.0,1026,1381,3050.0
10075,22818,42.6,17774,129594.0,2725,6906,2085.0
10128,62743,38.7,44357,111937.0,7273,19402,2143.0
10162,1324,43.6,1308,182530.0,39,383,3067.0
10280,9820,38.2,6657,161419.0,1648,3300,3190.0
10282,5644,35.3,4043,,1077,1778,2962.0
10301,39451,37.9,16424,55818.0,3998,4942,1232.0
10302,18539,33.6,6164,60968.0,2534,1966,1251.0
10303,25804,31.9,4953,59898.0,2999,2583,1027.0
10304,41884,38.3,15418,54567.0,4862,5104,1077.0
10305,42311,39.5,26593,76044.0,4841,5949,1258.0
10306,54021,42.9,40631,80025.0,3189,7112,1306.0
10307,15528,37.8,13501,81356.0,476,2241,1173.0
10308,30024,43.0,24852,91953.0,1874,4298,1410.0
10309,33660,40.4,29114,100343.0,1170,4767,1341.0
10310,23708,36.5,9695,69838.0,2495,2800,1130.0
10312,61058,42.1,50340,90797.0,1701,8989,1244.0
10314,89960,41.4,57831,80956.0,6290,11869,1343.0
10451,48240,33.3,1290,26979.0,7364,3841,992.0
10452,77983,31.1,1111,27206.0,20117,4944,1108.0
10453,82232,30.1,761,24421.0,19614,4807,1089.0
10454,38654,29.4,1051,21542.0,6627,1474,731.0
10455,42558,31.1,475,25489.0,7978,2182,910.0
10456,94667,30.5,1225,26724.0,18493,5357,1002.0
10457,75668,29.4,1340,27036.0,18217,3680,1107.0
10458,85157,28.9,7743,32129.0,19954,4862,1175.0
10459,48895,30.9,660,25762.0,9130,2621,1004.0
10460,60772,31.6,1482,25948.0,11140,3670,1020.0
10461,51021,38.2,17795,55847.0,6387,5939,1326.0
10462,79188,35.8,9378,49962.0,12605,8119,1279.0
10463,72863,38.8,23370,58881.0,9246,10568,1279.0
10464,4517,44.8,2984,87853.0,113,581,1249.0
10465,44269,41.7,19834,74079.0,2470,4563,1306.0
10466,73569,36.3,2109,49906.0,11213,7637,1211.0
10467,102718,33.9,9398,35381.0,21257,8622,1201.0
10468,77657,32.0,2582,35398.0,20651,5660,1210.0
10469,73008,39.3,8109,61090.0,10093,7567,1314.0
10470,14592,41.3,5904,56658.0,2004,2014,1347.0
10471,22040,42.9,13174,80932.0,1890,3698,1551.0
10472,68924,32.4,1756,30593.0,16479,3638,1142.0
10473,62531,35.5,1468,38924.0,6078,4833,931.0
10474,12608,29.9,97,25896.0,3331,658,1123.0
10475,44241,45.6,3104,48734.0,3059,5239,1001.0
10501,1239,47.9,1083,146250.0,13,280,
10502,5619,46.6,3976,159444.0,395,1084,1370.0
10503,137,61.0,107,,0,45,
10504,8052,45.1,7095,213234.0,314,1959,
10505,960,38.0,715,,5,91,1273.0
10506,5856,44.9,5463,217607.0,161,1405,2783.0
10507,7011,35.7,3834,56736.0,1525,943,1448.0
10509,19897,40.8,14454,97286.0,1646,2839,1312.0
10510,10672,44.1,7783,160944.0,310,2191,1473.0
10511,2271,40.8,1709,107201.0,102,313,1472.0
10512,24608,46.5,19272,92945.0,1072,3601,1319.0
10514,12694,41.3,10795,,408,2983,2290.0
10516,5521,47.0,4889,101071.0,130,1193,1449.0
10517,427,43.1,380,90125.0,27,43,
10518,1246,51.9,1186,193472.0,0,451,
10519,185,45.4,147,,19,1,
10520,13185,46.2,9871,100417.0,747,2868,1362.0
10522,11141,40.2,8078,126988.0,747,2168,1875.0
10523,9648,34.8,2561,93033.0,1974,1435,2117.0
10524,4303,49.4,3563,125912.0,191,801,1735.0
10526,1683,45.3,1393,123357.0,86,327,1491.0
10527,821,46.2,795,158977.0,10,96,
10528,13350,40.5,9362,116026.0,2626,2704,2139.0
10530,12543,47.7,8131,103950.0,1157,2771,1803.0
10532,5012,44.2,4121,100278.0,172,816,1587.0
10533,7579,41.8,6202,142869.0,408,1502,1521.0
10535,511,46.9,462,65294.0,0,121,1199.0
10536,10730,44.8,9373,168490.0,461,2508,2177.0
10537,1661,47.6,1319,100729.0,83,483,1125.0
10538,16894,39.7,13619,165735.0,1361,3813,1798.0
10541,26743,41.7,23095,107296.0,1245,4067,1320.0
10543,20733,41.0,13127,94246.0,3223,3632,1818.0
10545,128,52.2,88,,9,29,
10546,1494,44.0,1077,178611.0,213,262,3242.0
10547,7709,43.4,4866,97708.0,695,1196,1773.0
10548,3547,46.4,2757,80369.0,99,559,1344.0
10549,16602,41.7,9897,105642.0,3029,2843,1516.0
10550,37014,34.8,2794,43900.0,6213,3010,1226.0
10552,20614,44.0,7784,74386.0,2261,3544,1419.0
10553,10782,40.3,241,68644.0,1017,1501,1394.0
10560,4920,49.2,4011,138875.0,197,1357,1689.0
10562,31955,39.0,13011,74226.0,7028,4555,1482.0
10566,24035,39.5,7822,54709.0,4382,2606,1352.0
10567,20778,44.1,13998,114207.0,910,3806,1816.0
10570,12656,40.3,10302,132601.0,567,2426,1536.0
10573,39188,38.1,15692,76097.0,10495,5033,1497.0
10576,4988,51.5,4500,195167.0,126,1375,3042.0
10577,6332,20.3,4241,213173.0,593,588,
10578,851,37.9,651,105625.0,112,159,1786.0
10579,9141,42.6,7815,116223.0,263,1581,1811.0
10580,17549,43.3,14886,178333.0,1353,4136,2155.0
10583,40221,43.5,30292,186053.0,3524,8144,1964.0
10588,2771,52.0,1623,76777.0,320,519,1623.0
10589,9426,57.8,8489,94901.0,228,2340,2349.0
10590,7047,45.2,6111,135000.0,159,1699,1867.0
10591,23363,39.4,11706,89478.0,4085,3701,1498.0
10594,5107,41.0,4135,144750.0,231,920,1878.0
10595,8366,38.1,5675,108586.0,683,1251,1585.0
10596,1462,36.7,1116,92283.0,113,149,1458.0
10597,919,52.1,919,,0,249,
10598,29789,44.3,23297,121250.0,1210,5125,1370.0
10601,11826,37.0,4723,74177.0,2197,2368,1718.0
10603,17981,38.9,7512,100013.0,1879,3434,1614.0
10604,11153,40.4,7157,88750.0,1471,1870,1820.0
10605,18001,43.0,12134,111201.0,2024,3353,1624.0
10606,17356,35.4,4937,79379.0,4569,2884,1719.0
10607,6828,43.7,2488,139135.0,782,1295,1434.0
10701,59101,36.2,17514,46519.0,8811,6090,1261.0
10703,21348,37.8,7206,60068.0,2636,2298,1232.0
10704,32733,41.0,18274,74908.0,3709,4629,1441.0
10705,41588,34.8,9296,49110.0,7861,3714,1198.0
10706,8903,45.3,7420,132981.0,394,1927,1855.0
10707,10453,40.5,7568,83445.0,693,1847,1742.0
10708,22130,43.8,16212,106808.0,1323,4483,1621.0
10709,9506,43.7,8233,113643.0,757,1798,1661.0
10710,27022,43.4,13728,85417.0,2163,4913,1370.0
10801,41773,36.0,13548,58736.0,8595,4551,1397.0
10803,12650,39.7,8993,146833.0,705,2397,1812.0
10804,14466,46.2,11503,179527.0,748,3224,2517.0
10805,19681,41.5,7458,66006.0,3226,2809,1475.0
10901,23948,43.7,17517,94465.0,1615,3844,1278.0
10910,25,,25,,0,25,
10913,5686,37.8,4527,127563.0,130,1118,1363.0
10914,415,58.9,334,131417.0,0,32,
10915,75,55.2,75,,0,0,
10916,4228,41.9,3689,104238.0,117,646,1631.0
10917,1862,40.4,1307,99950.0,125,217,1586.0
10918,12477,39.1,8260,102730.0,299,1701,1439.0
10919,1393,43.8,1254,100341.0,25,100,
10920,8869,43.8,6237,107036.0,618,1425,1483.0
10921,3765,44.4,2900,86429.0,95,449,1343.0
10922,1637,36.5,1173,98333.0,40,235,1554.0
10923,8553,37.8,3658,82813.0,1048,874,1442.0
10924,13253,43.2,10231,95468.0,393,2092,1225.0
10925,3942,49.5,2990,84079.0,65,420,1171.0
10926,3526,36.6,1736,77813.0,233,539,1463.0
10927,12181,33.5,2480,56862.0,2690,1100,1331.0
10928,3974,41.9,2378,74423.0,194,633,1173.0
10930,8837,40.8,6257,131832.0,391,1361,1151.0
10931,1041,39.0,330,68819.0,146,116,1648.0
10932,72,59.9,54,,0,17,
10933,738,30.7,647,95320.0,0,88,
10940,49692,37.6,22186,60094.0,3817,4481,1161.0
10941,12869,40.7,6161,66812.0,484,1234,1289.0
10950,50397,22.7,40864,72573.0,1714,3994,1211.0
10952,41811,19.7,38010,56236.0,2237,2588,1422.0
10953,125,45.5,125,,0,0,
10954,23608,43.8,13365,100472.0,1932,4968,1826.0
10956,31691,45.0,22156,124606.0,1475,6610,1333.0
10958,3286,41.3,2542,102396.0,109,470,1107.0
10960,15547,43.0,9302,83977.0,1304,3159,1614.0
10962,5739,47.1,4305,105000.0,256,1140,995.0
10963,4178,43.0,2313,73438.0,270,272,1365.0
10964,1372,52.2,1089,121528.0,69,225,1854.0
10965,14836,43.6,12311,100962.0,589,2363,1378.0
10968,2309,50.3,1664,102847.0,101,624,1610.0
10969,1341,44.9,1115,83333.0,62,127,1151.0
10970,9804,43.2,4921,88919.0,940,1679,1699.0
10973,2377,40.3,2074,85398.0,33,262,1419.0
10974,3204,42.6,2570,88558.0,228,495,1444.0
10975,313,44.3,226,,0,49,
10976,2614,36.9,1850,59896.0,141,342,544.0
10977,64535,27.5,29063,55277.0,11999,4846,1297.0
10979,262,45.7,161,71292.0,0,0,
10980,13894,42.8,9690,98516.0,693,1679,1522.0
10983,5811,44.6,4123,112831.0,200,1190,2227.0
10984,3065,44.5,1671,122098.0,70,667,1911.0
10985,176,33.3,176,173710.0,0,10,
10986,1831,42.9,1552,126959.0,88,364,1205.0
10987,3279,48.1,2699,105972.0,214,767,1539.0
10988,696,45.1,483,81154.0,33,104,1125.0
10989,9985,46.0,5887,107690.0,335,1953,1963.0
10990,19781,46.5,16369,94091.0,298,3465,994.0
10992,9224,42.2,6817,95107.0,68,1438,930.0
10993,5355,34.0,1581,56154.0,821,250,1313.0
10994,7738,46.4,5641,145313.0,280,1373,1363.0
10996,6541,21.2,4795,100234.0,104,403,3113.0
10998,3063,41.4,2513,88548.0,88,338,1306.0
11001,28010,42.0,17454,104890.0,1874,5081,1545.0
11003,45439,38.2,6936,94746.0,6968,5910,1702.0
11004,15151,44.5,5252,93315.0,1205,2679,1431.0
11005,1762,83.1,1722,51801.0,0,381,
11010,24826,41.5,17062,102023.0,1374,3856,1418.0
11020,5897,45.5,2267,118906.0,552,1342,1484.0
11021,17958,48.2,12462,93598.0,1871,4164,1756.0
11023,9885,38.8,8485,111607.0,741,1911,2372.0
11024,7810,34.3,6690,101824.0,544,1311,1641.0
11030,18194,46.6,14024,182000.0,607,4316,1490.0
11040,42140,43.0,18649,118457.0,4617,8074,1751.0
11042,535,84.7,327,,0,56,
11050,30652,41.5,21462,112567.0,3529,7007,2003.0
11096,8609,35.1,2344,53875.0,1616,507,1345.0
11101,28852,34.8,9631,57866.0,5501,5743,1442.0
11102,33727,33.3,14111,60436.0,6607,8186,1618.0
11103,38036,33.8,21627,65229.0,7106,9269,1625.0
11104,25725,38.6,11648,63122.0,6867,6167,1506.0
11105,37288,35.1,22640,68050.0,5190,9306,1644.0
11106,40111,35.6,15872,60725.0,7707,9943,1557.0
11109,5298,31.5,3142,137452.0,1423,1872,3059.0
11201,61907,35.0,36220,116446.0,6203,16300,2260.0
11203,75989,39.5,2818,48140.0,12413,7955,1262.0
11204,80056,34.4,44299,47341.0,15336,9137,1313.0
11205,45148,30.0,18317,51574.0,4740,7008,1299.0
11206,87767,29.2,28701,34122.0,9321,10647,992.0
11207,92580,34.0,3336,35809.0,13378,6401,1124.0
11208,99145,32.0,2661,39588.0,17137,6378,1222.0
11209,67950,40.5,44924,69578.0,7858,14202,1461.0
11210,68988,35.1,19423,62202.0,10075,9112,1280.0
11211,101560,30.6,64524,66113.0,10268,22039,1645.0
11212,82831,35.1,1116,25677.0,11946,5220,942.0
11213,66503,34.0,13513,40604.0,9646,7158,1166.0
11214,94283,39.5,43140,53151.0,21124,14231,1305.0
11215,71015,35.5,47287,116893.0,6107,18967,2123.0
11216,57410,34.2,13402,56025.0,6077,11410,1292.0
11217,39687,35.1,20519,99085.0,3037,10158,1917.0
11218,76960,33.4,38915,64152.0,12023,11794,1473.0
11219,93979,27.8,57660,37665.0,16835,6194,1342.0
11220,100412,33.7,13911,42559.0,35502,8535,1304.0
11221,84536,31.5,11821,47170.0,11180,10311,1290.0
11222,36845,35.0,26941,78287.0,4791,10793,1843.0
11223,80855,36.2,44117,46310.0,14265,10547,1267.0
11224,45244,45.8,23308,31630.0,4607,6769,762.0
11225,59497,34.7,13661,51926.0,8433,8930,1311.0
11226,102585,34.1,11327,48495.0,20158,12244,1312.0
11228,44676,40.4,23581,63697.0,6398,6582,1359.0
11229,85776,40.5,51339,59287.0,12433,13975,1253.0
11230,90257,33.5,59782,46013.0,14218,12873,1308.0
11231,37680,36.2,22187,93575.0,3329,8603,1745.0
11232,28992,33.5,5809,53908.0,7307,3280,1430.0
11233,74982,33.2,4838,36009.0,8459,7717,1137.0
11234,97741,40.4,37070,79490.0,9056,13739,1384.0
11235,80222,44.3,58171,49653.0,15297,16558,1267.0
11236,100633,37.9,4450,63700.0,11776,12254,1331.0
11237,52319,30.3,9789,51269.0,13633,7040,1428.0
11238,55398,35.6,22057,79013.0,4658,13932,1629.0
11239,12713,47.7,2585,26002.0,549,1142,694.0
11354,57566,44.2,9458,44512.0,20959,6013,1412.0
11355,82890,42.3,6719,38370.0,31873,7687,1345.0
11356,24069,38.0,5941,59712.0,5716,2431,1603.0
11357,41393,44.8,24778,81053.0,3981,7041,1742.0
11358,36959,43.5,13263,65932.0,7709,5399,1583.0
11360,19501,48.4,11465,84476.0,2111,4407,2007.0
11361,29072,41.3,12294,82020.0,4072,5328,1722.0
11362,18443,48.9,8027,80828.0,1815,3469,1682.0
11363,7423,45.3,3767,97784.0,720,1515,1951.0
11364,35885,44.7,12732,71030.0,4514,6720,1685.0
11365,45565,41.3,12175,63455.0,6911,6922,1459.0
11366,14308,40.5,5367,67115.0,2140,2677,1624.0
11367,43496,35.0,20206,58924.0,5708,6271,1345.0
11368,114647,32.0,5046,47862.0,45319,6886,1526.0
11369,37325,36.9,2741,53426.0,9789,2926,1456.0
11370,33789,37.3,8300,59901.0,5782,3405,1581.0
11372,64298,39.7,11047,53963.0,23470,8769,1390.0
11373,96353,38.6,6611,49098.0,32582,13087,1426.0
11374,43540,44.0,19741,56863.0,7993,10146,1453.0
11375,72937,41.9,37039,76467.0,9784,17553,1676.0
11377,89688,38.9,17508,54989.0,32744,13564,1457.0
11378,35844,38.4,19684,68460.0,5813,4737,1501.0
11379,37524,43.2,24979,79573.0,4010,5864,1449.0
11385,106598,35.4,49295,64481.0,21945,12251,1399.0
11411,19990,44.3,247,87231.0,1817,2921,1556.0
11412,38833,39.5,279,75307.0,4199,3711,1395.0
11413,42895,39.3,610,83459.0,4786,4842,1564.0
11414,29203,45.2,19825,72632.0,1376,3683,1509.0
11415,19900,38.6,9506,65981.0,2756,3837,1461.0
11416,27567,35.3,3630,61285.0,5522,2773,1411.0
11417,32425,37.9,6547,69989.0,5231,3479,1457.0
11418,39267,34.3,6094,67003.0,9061,4549,1422.0
11419,52392,36.1,2037,65711.0,11712,5241,1471.0
11420,49396,38.1,2963,66220.0,7933,4543,1457.0
11421,43567,37.5,7436,69053.0,9126,4622,1542.0
11422,33479,37.4,1309,86996.0,4184,4061,1629.0
11423,32407,39.9,3245,66455.0,5577,4539,1338.0
11426,21166,38.4,6403,83376.0,2543,3202,1711.0
11427,23809,42.1,4562,72874.0,2787,3424,1330.0
11428,19859,40.0,2548,71663.0,2294,1714,1435.0
11429,27667,39.5,395,80464.0,3938,3088,1411.0
11430,183,45.5,0,,5,5,
11432,65098,35.1,8198,52975.0,15403,9366,1399.0
11433,36019,34.4,199,48795.0,6508,2819,1165.0
11434,66725,37.5,1061,60702.0,6392,6849,1130.0
11435,59214,35.4,7021,59535.0,14168,7574,1421.0
11436,20905,35.9,281,69259.0,3327,1631,1492.0
11501,19436,42.2,13007,90007.0,2381,3423,1500.0
11507,7211,48.6,3935,118807.0,347,1281,1942.0
11509,2206,53.8,2069,140714.0,29,471,2638.0
11510,33416,41.8,13644,102810.0,2355,5354,1749.0
11514,4629,43.1,3055,88455.0,405,810,1725.0
11516,7615,27.9,6181,98696.0,806,917,1843.0
11518,10249,41.6,8165,92682.0,305,1521,2036.0
11520,43785,37.7,10425,71423.0,7017,4881,1389.0
11530,28574,42.2,25032,151809.0,616,6604,2472.0
11542,27771,38.3,15532,75685.0,4719,4049,1742.0
11545,12841,44.9,10344,149174.0,568,2908,1830.0
11547,728,41.7,702,96250.0,0,106,
11548,2987,22.5,1665,123056.0,368,366,1967.0
11549,2918,20.2,1662,,253,16,
11550,57845,34.0,4182,59580.0,15189,4335,1353.0
11552,25225,39.3,12142,108628.0,1731,3338,1848.0
11553,25778,34.9,2814,69914.0,5313,2333,1388.0
11554,37195,42.7,25109,94513.0,2920,5568,1921.0
11556,14,61.5,14,,0,0,
11557,7467,48.2,5502,116754.0,458,1559,1235.0
11558,8465,44.2,5881,89715.0,546,998,1568.0
11559,8432,41.1,7030,106597.0,349,1326,1706.0
11560,6264,45.5,5314,116875.0,388,1370,1824.0
11561,37854,45.4,28568,89050.0,2157,7558,1841.0
11563,22286,42.4,15900,91042.0,764,3748,1756.0
11565,8750,48.8,6985,108656.0,73,1741,1418.0
11566,34288,42.9,29684,142862.0,594,6850,2160.0
11568,4704,24.0,2988,175833.0,281,776,1393.0
11569,1179,48.6,1138,130547.0,9,213,1977.0
11570,27607,41.6,20106,107111.0,1073,5458,1556.0
11572,29374,43.8,25298,109944.0,806,5196,1359.0
11575,16122,35.0,236,79232.0,3271,1238,1731.0
11576,12196,49.5,9778,158125.0,535,2924,2220.0
11577,12977,42.2,8910,126830.0,909,2976,2083.0
11579,5238,47.5,4533,115822.0,298,1114,1954.0
11580,44122,40.2,10813,103475.0,3980,6672,1547.0
11581,21440,38.7,10486,104795.0,1481,3640,1714.0
11590,47778,38.6,18024,101095.0,7072,6947,1796.0
11596,10652,41.8,7563,116250.0,749,1901,1748.0
11598,13575,33.6,11707,140573.0,422,2061,1865.0
11691,65356,31.9,16065,42434.0,8159,5590,1118.0
11692,20242,33.9,1890,45816.0,2457,1946,951.0
11693,12709,38.5,5882,57443.0,779,1283,1011.0
11694,21003,49.0,15846,77547.0,989,3710,1297.0
11697,3702,49.1,3476,99792.0,11,685,
11701,28604,38.4,9376,80563.0,3718,3004,1387.0
11702,13966,43.9,11555,118708.0,418,2682,1819.0
11703,16353,42.2,11737,94407.0,814,1876,1832.0
11704,40310,40.9,25394,84448.0,2401,4607,1676.0
11705,7498,45.3,6530,106474.0,176,1200,1753.0
11706,69209,34.7,23350,84405.0,10772,6236,1551.0
11709,6752,47.6,6137,102722.0,168,1123,1506.0
11710,34058,42.6,28854,122627.0,688,6391,1633.0
11713,9767,35.8,4782,72569.0,794,855,2091.0
11714,22450,44.7,18627,105011.0,1186,3986,1914.0
11715,4567,44.0,4103,117313.0,28,728,1659.0
11716,9979,42.1,8895,83000.0,177,954,1704.0
11717,63207,32.6,11223,74202.0,15875,3585,1351.0
11718,3096,46.8,2564,123152.0,11,649,1097.0
11719,3588,50.5,2841,82083.0,195,406,1353.0
11720,28966,36.9,21873,97682.0,1353,3490,1928.0
11721,6063,46.3,5723,123333.0,86,1281,1796.0
11722,34123,34.3,7924,68588.0,6924,2241,1557.0
11724,3386,41.1,2826,207656.0,362,882,2380.0
11725,29557,47.4,25277,119503.0,721,5667,1665.0
11726,20490,36.8,7708,71418.0,3565,1782,1537.0
11727,30241,39.2,17260,79302.0,2228,4187,1845.0
11729,27731,40.3,16669,86124.0,1698,3436,1601.0
11730,13966,41.2,12590,119826.0,288,1962,1817.0
11731,30091,44.1,26064,106854.0,863,5380,1844.0
11732,3607,49.1,3061,111000.0,54,673,2209.0
11733,16869,45.7,13618,147330.0,962,2977,2488.0
11735,34034,42.1,24657,102500.0,1938,5097,1645.0
11738,17146,40.3,12973,97583.0,911,1836,1821.0
11739,1042,46.0,956,135781.0,7,142,
11740,8908,45.5,7507,102455.0,73,1824,489.0
11741,27028,42.3,22563,99308.0,637,3654,1885.0
11742,13158,42.2,10419,94595.0,346,1548,1700.0
11743,42167,46.3,33542,119133.0,1711,8307,1829.0
11746,68934,40.0,41176,107221.0,6545,11297,1750.0
11747,19456,48.4,15300,119876.0,687,4193,2132.0
11749,3352,41.0,1584,90966.0,268,372,1854.0
11751,14617,43.0,12105,95975.0,468,2291,1388.0
11752,9446,41.3,7750,94593.0,139,1085,1737.0
11753,12574,44.1,7861,166272.0,1062,3183,1794.0
11754,18082,46.1,15996,100822.0,243,3281,1445.0
11755,12476,40.8,10290,103574.0,410,1814,1771.0
11756,43023,41.4,31815,108999.0,1637,5817,1852.0
11757,44335,41.4,33653,84727.0,3248,4466,1548.0
11758,54200,44.3,46069,111189.0,1028,9550,1653.0
11762,22888,42.8,20505,124220.0,267,3856,2382.0
11763,28497,38.3,18065,82543.0,1739,3255,1658.0
11764,12678,41.1,11176,120063.0,214,1837,1465.0
11765,732,49.7,608,206250.0,41,197,2528.0
11766,12577,42.1,10274,112953.0,276,2050,1349.0
11767,15540,42.4,13702,120230.0,362,2496,1752.0
11768,21669,48.2,19981,122080.0,300,4672,1673.0
11769,8642,46.9,7756,89673.0,137,1067,1476.0
11770,59,47.5,54,98750.0,0,15,
11771,9561,46.3,7721,122589.0,434,2202,1641.0
11772,45495,39.3,30550,70618.0,4388,4703,1415.0
11776,24181,42.1,17906,97068.0,1182,3356,1720.0
11777,8940,45.9,7186,106840.0,792,1296,1630.0
11778,11932,38.3,10417,93677.0,198,1363,1402.0
11779,38083,40.4,29900,91486.0,1402,4645,1492.0
11780,15736,46.8,13731,114423.0,322,2389,1770.0
11782,15050,44.9,13579,108679.0,204,2500,1770.0
11783,21406,43.2,19299,124861.0,313,3832,2003.0
11784,25739,38.7,18688,87379.0,1051,2646,1563.0
11786,6468,40.1,5464,126625.0,182,826,2508.0
11787,35436,45.2,31883,122917.0,449,6230,1603.0
11788,16048,44.2,12839,108074.0,867,2820,1971.0
11789,8233,44.5,7397,81761.0,276,1594,1438.0
11790,18359,25.6,12387,135197.0,2177,2619,2806.0
11791,26065,43.3,17371,163801.0,1766,5696,2823.0
11792,8914,41.5,8129,125000.0,244,1514,
11793,31853,43.3,27941,126875.0,467,5459,1601.0
11794,2998,19.9,861,,642,46,
11795,25018,43.4,22588,111581.0,188,3420,1533.0
11796,3914,46.9,3565,92500.0,105,525,1657.0
11797,8811,50.2,7347,166949.0,318,2073,2367.0
11798,14880,32.4,1182,75350.0,1758,1168,1669.0
11801,39514,44.5,22853,100245.0,4187,6451,1824.0
11803,28373,44.5,22420,134375.0,1440,6614,1657.0
11804,4892,46.0,4402,112153.0,121,1024,
11901,28897,43.5,16137,59624.0,3545,2211,1409.0
11930,971,56.4,892,94185.0,52,166,1836.0
11931,38,,38,,0,0,
11932,983,54.3,541,82188.0,83,232,1257.0
11933,6781,50.1,5276,57933.0,252,658,2021.0
11934,8255,39.1,7102,100691.0,256,631,1197.0
11935,3224,52.2,3061,94228.0,124,603,1658.0
11937,15979,48.8,11228,94612.0,2309,3056,1664.0
11939,885,61.0,789,72566.0,22,140,1654.0
11940,5211,43.0,4901,102197.0,11,523,1755.0
11941,2040,48.1,1745,106563.0,98,332,1414.0
11942,4735,45.7,4241,82446.0,54,643,1828.0
11944,4089,52.8,2852,59254.0,311,619,1418.0
11946,14045,43.6,9670,78284.0,2256,2006,1694.0
11947,320,53.1,320,,0,52,
11948,1114,37.4,940,84631.0,0,53,
11949,14744,40.1,12433,103542.0,303,1632,1568.0
11950,16799,34.4,10052,75093.0,1846,1066,1678.0
11951,13908,37.3,10033,66493.0,479,978,1794.0
11952,5008,51.9,4778,81380.0,107,820,1367.0
11953,13344,43.0,8871,72635.0,332,1445,1730.0
11954,3662,56.0,3165,87717.0,197,827,2048.0
11955,3702,44.7,2776,62256.0,144,367,1726.0
11956,243,56.9,233,66477.0,8,74,2000.0
11957,718,64.4,688,71125.0,5,115,1577.0
11958,489,57.0,383,87750.0,106,40,
11959,919,55.5,791,92750.0,12,261,1588.0
11960,681,54.8,641,84375.0,15,101,
11961,12823,50.0,10530,61932.0,457,953,1361.0
11962,268,63.0,256,118250.0,7,137,
11963,6914,46.1,5255,90833.0,866,1602,2040.0
11964,1920,50.5,1748,81352.0,53,474,
11965,723,61.3,711,119583.0,8,155,
11967,27547,35.5,18359,82378.0,1813,1842,2024.0
11968,10865,51.1,8470,82809.0,1067,2600,1951.0
11970,104,55.9,104,,0,18,
11971,6553,52.2,6108,81654.0,161,1030,1434.0
11972,1255,40.9,882,86083.0,73,267,1458.0
11973,42,19.8,10,,5,0,
11975,279,57.1,229,71875.0,11,55,
11976,2277,52.5,1816,115875.0,347,577,2810.0
11977,2245,53.9,1972,106354.0,144,354,2722.0
11978,3057,46.3,2241,84516.0,251,532,1857.0
11980,5627,38.2,4035,96574.0,310,670,2243.0
12008,513,41.5,394,103472.0,42,87,
12009,7841,42.2,7145,93975.0,258,1027,1014.0
12010,28704,41.9,21665,49553.0,549,2197,757.0
12015,2969,42.9,2654,58684.0,10,224,833.0
12017,360,50.5,335,75809.0,4,74,997.0
12018,7215,46.3,7004,91075.0,107,874,858.0
12019,14396,45.7,13154,98600.0,458,2450,1018.0
12020,33101,40.9,30555,77157.0,525,5350,1071.0
12022,785,52.4,783,50833.0,0,51,917.0
12023,2108,45.1,1998,68807.0,20,238,579.0
12025,5310,45.7,5106,66548.0,15,526,805.0
12027,3930,45.0,3747,92159.0,17,980,1248.0
12028,945,40.6,888,69338.0,50,82,
12029,1079,50.5,978,84342.0,13,131,1215.0
12031,206,36.9,196,43125.0,0,25,578.0
12032,842,57.6,763,47738.0,18,78,825.0
12033,7919,47.7,7374,73521.0,21,1063,982.0
12035,731,45.3,714,35921.0,0,31,852.0
12036,270,41.1,239,41696.0,11,17,
12037,4322,48.4,3952,63182.0,99,478,930.0
12040,161,50.6,156,40809.0,0,5,
12041,676,48.3,635,87566.0,0,8,
12042,217,54.7,217,44583.0,0,14,
12043,8435,34.7,7596,48778.0,87,788,801.0
12045,347,58.6,310,51389.0,11,12,672.0
12046,1069,36.3,1069,82692.0,15,145,
12047,20765,39.7,17660,53977.0,439,2552,876.0
12051,6210,36.7,3875,64777.0,338,389,729.0
12052,1713,44.3,1645,66579.0,32,232,850.0
12053,4965,40.1,4518,85721.0,45,461,1178.0
12054,17100,42.3,15569,100677.0,544,3464,1138.0
12056,2388,43.1,2261,84150.0,0,332,963.0
12057,2162,48.7,2094,60625.0,7,144,710.0
12058,1741,36.9,1495,82768.0,9,139,865.0
12059,1657,48.6,1624,84091.0,12,225,803.0
12060,1478,49.4,1437,71500.0,15,183,
12061,9106,44.4,8427,82378.0,261,1526,1192.0
12062,1700,41.1,1630,72500.0,0,102,1256.0
12063,361,34.3,353,81607.0,0,62,
12064,370,59.4,330,44545.0,0,31,708.0
12065,42680,41.3,36083,86892.0,2379,8676,1146.0
12066,1831,45.0,1755,62284.0,5,141,834.0
12067,1619,49.1,1582,75909.0,0,137,1045.0
12068,2958,44.2,2587,58673.0,0,229,710.0
12069,167,36.1,167,38984.0,0,0,
12070,1632,47.2,1529,65433.0,6,122,960.0
12071,360,38.8,355,52375.0,28,32,
12072,2722,34.0,2525,50156.0,29,204,811.0
12074,2814,48.3,2699,71314.0,22,441,860.0
12075,3070,48.9,2839,61922.0,186,419,1053.0
12076,1552,48.8,1436,57778.0,29,98,900.0
12077,6701,43.2,5818,98716.0,181,997,1023.0
12078,23566,42.9,21911,40692.0,57,1237,702.0
12083,3705,47.7,3514,72035.0,25,384,832.0
12084,4960,32.4,3076,64868.0,944,810,1177.0
12085,448,32.9,371,43710.0,33,50,1098.0
12086,1565,51.6,1545,57727.0,0,154,750.0
12087,1138,31.9,1124,73720.0,0,18,
12089,122,54.3,122,94904.0,0,62,
12090,6199,42.3,5949,49444.0,37,769,872.0
12092,730,51.5,696,32692.0,13,60,738.0
12093,1642,45.5,1560,51316.0,3,114,603.0
12094,2532,35.8,2527,81850.0,0,229,1052.0
12095,12242,41.1,10859,51022.0,126,1168,798.0
12106,2441,50.5,2417,74688.0,119,461,1104.0
12108,245,57.0,236,66667.0,1,24,820.0
12110,22684,37.9,17473,76652.0,986,3143,1202.0
12115,144,70.1,114,85682.0,10,42,
12116,1883,54.0,1831,50278.0,13,183,966.0
12117,3279,46.6,3145,55417.0,11,256,976.0
12118,14981,40.1,13469,70042.0,270,2246,871.0
12120,587,49.6,565,49732.0,0,31,863.0
12121,1680,46.6,1626,79817.0,7,151,
12122,4598,48.2,4321,45188.0,13,383,785.0
12123,5684,40.9,5245,82478.0,2,656,873.0
12124,661,42.6,615,98220.0,0,85,
12125,1534,36.9,1385,54015.0,28,204,945.0
12130,852,48.2,852,,0,134,
12131,111,43.6,111,53750.0,0,3,
12132,312,43.6,221,49395.0,61,0,
12134,4134,41.1,4036,53269.0,17,271,784.0
12136,772,51.9,660,102829.0,22,143,
12137,1998,39.1,1842,64213.0,0,137,767.0
12138,3153,46.3,3029,58036.0,48,318,736.0
12139,309,63.2,308,57750.0,0,14,
12140,1521,46.7,1467,94226.0,0,116,692.0
12143,4750,43.0,4427,55179.0,22,469,865.0
12144,20391,40.5,16845,65591.0,543,2716,962.0
12147,586,48.8,565,69375.0,3,57,1269.0
12148,4716,44.7,4272,107302.0,268,762,2693.0
12149,2445,43.5,2332,51417.0,17,208,757.0
12150,903,44.7,903,66944.0,101,133,
12151,694,50.4,668,83681.0,14,181,1070.0
12153,1053,41.7,1047,78942.0,0,110,
12154,2809,43.7,2583,65890.0,7,274,702.0
12155,1808,46.1,1747,49250.0,1,179,750.0
12156,1068,36.8,1068,68393.0,4,62,725.0
12157,3967,49.2,3806,59500.0,31,322,753.0
12158,7116,40.0,6685,85458.0,50,702,1062.0
12159,7614,48.6,6621,86991.0,191,1418,1093.0
12160,945,45.9,893,66667.0,13,111,1050.0
12161,187,34.0,187,78750.0,0,26,
12164,354,63.0,345,65625.0,0,20,
12165,174,51.7,174,,3,10,683.0
12166,1353,42.2,1296,44659.0,4,105,
12167,2844,50.4,2691,45650.0,23,295,589.0
12168,2064,47.0,2053,63576.0,0,137,754.0
12169,261,46.5,248,95673.0,17,32,
12170,5030,41.6,4739,66231.0,74,531,1263.0
12172,284,28.4,284,46176.0,0,17,1079.0
12173,1998,41.4,1815,80238.0,34,190,980.0
12174,342,33.5,316,,0,41,1006.0
12175,513,52.2,485,50694.0,0,65,964.0
12176,478,48.2,431,75846.0,0,42,
12177,467,54.5,431,58269.0,0,41,639.0
12180,53275,33.6,38616,50669.0,2037,6306,914.0
12182,15288,36.1,11194,45281.0,305,1243,815.0
12183,2621,39.4,2103,49875.0,92,295,825.0
12184,6852,45.0,6065,76250.0,159,972,828.0
12185,2213,39.3,2167,78472.0,30,235,834.0
12186,6232,46.3,5805,92852.0,128,1181,971.0
12187,449,50.9,441,49732.0,6,38,836.0
12188,10881,40.4,10043,65991.0,273,1601,928.0
12189,17650,38.9,12996,52363.0,874,2463,850.0
12190,995,51.8,991,53125.0,0,52,857.0
12192,1968,51.7,1740,83533.0,66,167,1048.0
12193,1845,47.2,1834,77396.0,15,193,1027.0
12194,158,37.0,154,45500.0,0,12,
12195,136,68.1,136,19359.0,0,38,
12196,3462,40.9,3316,91699.0,7,408,791.0
12197,2147,47.4,1948,45488.0,11,187,770.0
12198,7760,44.2,7247,82864.0,149,1185,879.0
12202,9312,32.8,1951,28857.0,270,664,790.0
12203,31125,33.5,23059,55817.0,1726,4632,1044.0
12204,7518,35.5,3358,50721.0,722,1641,992.0
12205,26480,44.0,21409,64107.0,873,3459,1095.0
12206,16036,30.1,4009,31812.0,1442,894,922.0
12207,1642,52.1,497,12396.0,29,126,294.0
12208,21736,33.3,14618,60430.0,1806,3735,990.0
12209,10452,36.6,5560,49853.0,1125,1158,974.0
12210,9372,31.1,3577,46712.0,306,1808,900.0
12211,11362,48.0,9402,100357.0,170,2056,1195.0
12222,6261,19.6,3686,,199,0,
12302,27504,42.4,25413,74199.0,186,3945,996.0
12303,28620,40.0,20851,61916.0,879,3376,901.0
12304,23263,39.5,13544,48750.0,831,2251,925.0
12305,4962,35.4,3085,30625.0,158,401,740.0
12306,25666,43.2,22357,62977.0,369,2851,889.0
12307,6605,28.9,1885,22394.0,455,344,783.0
12308,15649,33.7,8963,48337.0,1051,2086,864.0
12309,30077,43.7,24494,101594.0,1599,5174,1062.0
12401,35258,41.3,24504,51016.0,1796,3790,1036.0
12404,3421,45.9,2985,60625.0,159,534,1015.0
12405,529,56.1,498,48750.0,12,94,
12406,877,47.7,749,42153.0,46,125,764.0
12407,195,58.0,175,37031.0,2,34,
12409,672,58.6,659,88906.0,29,168,1422.0
12410,571,56.0,544,58000.0,0,99,
12411,318,48.1,318,84474.0,10,40,
12412,548,58.5,449,65676.0,16,80,981.0
12413,2828,44.8,2528,38333.0,102,202,912.0
12414,10355,45.8,8360,41264.0,143,865,864.0
12416,130,36.5,57,25769.0,35,0,
12417,479,35.9,318,79063.0,0,0,1316.0
12418,400,38.3,367,72727.0,0,43,
12419,629,39.8,561,51563.0,0,125,974.0
12420,350,50.2,326,100938.0,22,90,
12421,268,61.6,255,53942.0,12,58,
12422,423,45.5,423,81000.0,0,46,
12423,1108,44.6,1023,43789.0,6,83,930.0
12424,226,65.0,226,68750.0,0,63,
12427,532,34.9,505,92262.0,14,109,
12428,6987,38.9,4405,46037.0,281,496,939.0
12429,272,49.1,272,88750.0,0,38,
12430,1145,56.6,965,52483.0,99,124,638.0
12431,1088,39.8,1053,38605.0,9,85,1096.0
12432,480,45.3,463,52969.0,0,36,1125.0
12433,548,49.0,448,138134.0,0,135,
12434,617,52.4,523,31905.0,14,17,494.0
12435,327,47.1,306,58958.0,48,39,994.0
12436,78,52.9,78,,0,0,
12438,48,37.2,26,,0,9,
12439,292,53.7,292,41705.0,0,27,939.0
12440,2350,47.2,1953,59250.0,210,279,1335.0
12441,25,56.8,25,,0,8,
12442,652,60.0,625,35273.0,0,132,840.0
12443,3618,53.0,3282,85781.0,41,581,1352.0
12444,568,55.2,554,53750.0,11,76,929.0
12446,4914,46.5,4276,57328.0,161,443,884.0
12448,427,62.1,427,109531.0,0,136,
12449,3301,49.7,2674,44500.0,75,370,1078.0
12450,141,75.0,141,,0,57,
12451,1591,37.3,1339,64963.0,140,141,986.0
12452,278,47.1,278,29583.0,4,18,
12453,235,31.8,96,35755.0,94,0,
12454,299,46.5,266,70313.0,0,27,
12455,1894,57.2,1703,41736.0,105,212,835.0
12456,840,32.2,652,46198.0,0,31,1297.0
12457,742,55.7,700,34583.0,17,112,1172.0
12458,2887,45.3,1767,52798.0,199,289,722.0
12459,158,63.7,146,39213.0,0,0,
12460,324,39.1,307,25809.0,0,0,694.0
12461,1771,49.2,1490,64120.0,36,299,824.0
12463,1555,46.1,1301,72125.0,14,296,855.0
12464,790,59.2,675,40256.0,31,151,995.0
12465,271,57.8,271,57404.0,16,43,
12466,2292,48.6,2114,68893.0,22,287,981.0
12468,1128,57.3,1119,48750.0,7,89,675.0
12469,627,49.6,596,49500.0,14,40,
12470,391,37.8,219,47375.0,143,44,
12471,201,42.4,201,,0,0,1392.0
12472,1446,46.5,1314,54318.0,34,182,1045.0
12473,1184,40.4,1182,75125.0,0,188,
12474,1367,46.1,1323,45486.0,21,185,775.0
12475,221,59.2,164,,8,0,1514.0
12477,18413,43.5,16006,58478.0,502,1992,1016.0
12480,707,57.1,655,68472.0,14,95,
12481,1394,44.2,1289,56053.0,0,202,1170.0
12482,475,53.0,411,41220.0,0,10,
12483,267,68.4,267,,0,0,
12484,2523,52.4,2221,60517.0,43,412,991.0
12485,1369,49.3,1298,54918.0,0,128,927.0
12486,1585,46.8,1497,93011.0,18,323,
12487,3460,41.2,3017,64699.0,82,360,1223.0
12489,1112,39.6,338,78649.0,109,19,
12490,27,,27,,0,13,
12491,1460,51.3,1310,62868.0,28,138,2017.0
12492,248,62.8,237,50455.0,0,47,
12493,316,28.6,265,88173.0,0,59,
12494,620,48.9,620,65913.0,12,161,
12495,288,52.0,241,130750.0,0,52,
12496,1438,58.3,1378,57045.0,64,153,713.0
12498,5065,55.4,4470,72722.0,133,1192,1151.0
12501,2880,38.8,2518,64250.0,31,316,1234.0
12502,1274,48.8,1084,76034.0,14,109,1367.0
12503,587,55.7,547,65104.0,28,65,1339.0
12504,1495,19.8,1067,145833.0,153,9,1450.0
12507,250,25.9,230,73250.0,11,39,
12508,19631,39.5,10862,73396.0,902,2898,1250.0
12512,143,58.9,143,,0,0,
12513,424,49.1,424,65660.0,0,16,
12514,3168,48.8,2951,104621.0,58,599,1341.0
12515,1449,50.8,1033,55976.0,129,285,928.0
12516,1762,56.8,1624,71435.0,49,207,1172.0
12517,445,39.0,356,44833.0,0,30,548.0
12518,6338,42.7,5366,76506.0,43,1016,1328.0
12520,2957,42.8,2639,102386.0,21,501,1324.0
12521,1248,53.9,1194,90046.0,5,141,875.0
12522,4907,45.9,4322,51799.0,138,349,861.0
12523,1586,48.8,1476,75263.0,10,123,831.0
12524,16169,43.2,10780,79197.0,1051,2324,1397.0
12525,3375,37.5,3164,75167.0,72,481,1231.0
12526,3953,46.0,3304,74744.0,105,562,1128.0
12528,13041,43.2,10546,71857.0,187,1845,1145.0
12529,2858,48.4,2623,59375.0,86,307,1028.0
12530,111,61.1,111,,0,24,
12531,3132,47.8,2881,81860.0,25,446,1246.0
12533,26229,42.9,21658,101762.0,949,4413,1167.0
12534,17630,45.9,13502,46508.0,855,1680,828.0
12538,14205,37.7,11097,73621.0,512,1412,1063.0
12540,7940,44.0,6933,109444.0,127,1251,1395.0
12542,5757,45.1,5087,75000.0,85,730,928.0
12543,3322,38.5,2010,61563.0,172,363,1057.0
12545,4822,47.6,4186,81219.0,233,798,1175.0
12546,2903,44.3,2167,54931.0,163,403,1034.0
12547,2760,43.0,2439,78963.0,111,360,1204.0
12548,1368,50.5,952,55703.0,149,159,693.0
12549,11658,41.7,9502,90792.0,115,1489,1198.0
12550,54938,34.8,22401,58534.0,5778,4758,1155.0
12553,26114,38.4,15268,73836.0,733,3025,1236.0
12561,18482,30.7,15007,68340.0,997,2448,1174.0
12563,7985,39.3,5755,88438.0,473,1064,1214.0
12564,7099,46.5,5693,84556.0,212,1113,1054.0
12565,1238,35.6,1135,39891.0,16,128,773.0
12566,10405,40.5,9196,76148.0,154,1128,964.0
12567,3046,47.9,2855,57727.0,143,301,1139.0
12569,10379,41.7,8562,80050.0,339,1232,1320.0
12570,7463,44.4,6359,102835.0,107,1081,1582.0
12571,10161,44.9,8953,74142.0,249,1439,1084.0
12572,8626,54.9,7758,79628.0,384,1529,1202.0
12574,377,17.5,292,,18,40,1632.0
12575,2034,43.2,1410,101912.0,30,438,
12577,1791,48.1,1468,126442.0,37,241,2019.0
12578,2133,52.9,1971,102639.0,48,353,1283.0
12580,4083,46.7,3644,75750.0,78,581,953.0
12581,2206,50.8,1969,76750.0,112,263,1021.0
12582,6413,44.0,4018,103771.0,294,789,1326.0
12583,2208,43.2,1985,74375.0,46,230,1234.0
12585,856,41.0,740,110114.0,10,48,958.0
12586,12434,36.3,9311,74350.0,144,1068,1307.0
12589,16963,40.3,11959,83143.0,472,1713,1009.0
12590,34318,41.6,24250,84295.0,1571,5080,1371.0
12592,1131,53.2,1042,53906.0,0,122,634.0
12594,4205,40.7,3083,62953.0,437,491,913.0
12601,41773,35.9,20951,43802.0,3432,3596,1105.0
12603,43311,41.4,29510,80240.0,1739,5647,1193.0
12604,634,20.6,412,,61,0,
12701,11211,40.2,5162,37767.0,739,997,872.0
12719,1289,52.6,1170,56923.0,51,230,991.0
12720,267,33.7,190,82560.0,63,33,
12721,6445,36.6,5081,64801.0,209,282,1149.0
12722,126,59.8,126,73250.0,0,0,
12723,1653,44.5,1176,53600.0,94,223,802.0
12724,404,45.1,358,64491.0,0,28,
12725,146,60.5,129,78333.0,7,48,
12726,1204,49.4,1042,67813.0,36,113,924.0
12729,2348,47.2,2099,49091.0,37,151,1083.0
12732,700,50.4,677,40625.0,6,92,1131.0
12733,1784,30.4,1095,32188.0,136,36,709.0
12734,984,34.6,668,73300.0,36,91,810.0
12736,56,49.5,47,,6,4,
12737,1826,41.2,1459,75488.0,44,172,855.0
12738,431,35.2,277,61830.0,0,124,899.0
12740,1659,45.5,1388,70608.0,56,108,1203.0
12741,247,47.0,236,57857.0,0,43,675.0
12742,68,62.7,68,,13,6,608.0
12743,389,50.9,374,51635.0,20,36,1206.0
12745,155,50.4,155,59000.0,0,19,
12746,1216,33.3,1216,90690.0,0,75,1132.0
12747,1857,47.6,1145,64708.0,84,221,898.0
12748,1960,49.1,1674,66500.0,29,229,816.0
12749,340,55.5,340,52829.0,23,42,643.0
12750,274,39.1,236,78125.0,6,12,1250.0
12751,1206,17.5,754,50288.0,64,62,894.0
12752,262,38.5,242,40000.0,2,16,815.0
12754,6724,42.4,4775,37485.0,429,450,765.0
12758,4378,42.6,3483,50388.0,60,352,1088.0
12759,1917,33.4,1330,27450.0,82,109,809.0
12760,405,64.9,389,57560.0,19,32,910.0
12762,596,33.1,496,38571.0,0,66,850.0
12763,664,35.3,486,67734.0,11,25,841.0
12764,1584,51.9,1404,46736.0,23,264,656.0
12765,1144,39.3,1028,88553.0,45,94,842.0
12766,350,51.1,350,68661.0,0,60,
12767,108,34.8,93,108250.0,0,11,
12768,781,49.2,526,64278.0,0,84,672.0
12769,195,53.6,188,76250.0,0,32,
12770,295,53.9,233,70703.0,0,6,
12771,14201,42.8,10752,52333.0,278,1248,955.0
12775,2018,44.2,1534,94643.0,93,322,1083.0
12776,2174,48.2,1977,53516.0,51,241,698.0
12777,945,52.9,883,80500.0,26,113,1404.0
12778,701,47.8,635,,7,122,
12779,1637,44.3,807,37900.0,156,31,431.0
12780,2036,42.0,1862,44412.0,0,95,1129.0
12781,142,44.4,26,,0,0,
12783,1820,40.0,1369,66917.0,29,161,954.0
12784,47,14.6,13,,7,0,
12785,855,48.6,669,50750.0,0,73,1096.0
12786,322,68.1,295,49886.0,0,103,1040.0
12787,297,50.6,257,58214.0,0,14,
12788,2926,44.2,1836,58103.0,220,273,836.0
12789,2174,39.9,1410,45250.0,190,276,813.0
12790,4578,45.6,3685,62391.0,85,587,1038.0
12791,619,36.8,516,77600.0,0,36,696.0
12792,180,34.3,178,42813.0,2,14,
12801,14450,38.3,12927,48901.0,359,1604,826.0
12803,8350,44.5,7805,60371.0,91,924,907.0
12804,26381,46.2,25134,70273.0,450,2928,1048.0
12808,408,60.2,392,62396.0,0,32,
12809,3409,47.1,3351,50950.0,11,291,779.0
12810,737,47.1,712,58304.0,5,32,680.0
12811,18,,15,,0,3,
12812,89,36.1,89,71042.0,0,5,
12814,1286,49.4,1127,57857.0,52,199,861.0
12815,986,54.4,943,63036.0,7,136,850.0
12816,4190,50.4,4015,53281.0,21,532,808.0
12817,2210,53.0,2194,61463.0,0,316,689.0
12819,346,49.3,339,59643.0,2,38,933.0
12821,2845,35.4,875,,134,101,
12822,6257,41.2,5865,55263.0,36,622,898.0
12823,420,52.9,420,,0,0,
12824,1032,57.9,1004,64231.0,0,223,1156.0
12827,3751,40.6,3527,62404.0,0,302,880.0
12828,8703,45.1,8503,50320.0,0,669,874.0
12831,17585,40.1,16575,82443.0,122,2477,1057.0
12832,6738,46.9,6301,41635.0,54,386,691.0
12833,4388,44.7,4148,80469.0,42,644,895.0
12834,6392,47.1,6196,72523.0,22,817,775.0
12835,2366,53.2,2272,55893.0,45,225,784.0
12836,743,52.3,722,58281.0,0,75,838.0
12837,957,34.2,952,60573.0,2,22,854.0
12838,509,49.6,509,59044.0,4,49,1075.0
12839,13400,37.3,12380,47407.0,102,1027,860.0
12841,99,68.2,99,55208.0,0,13,
12842,782,56.4,685,55813.0,2,51,567.0
12843,369,57.4,339,32177.0,0,13,
12844,222,51.3,203,60469.0,7,39,
12845,4634,52.2,4420,67278.0,45,704,892.0
12846,3273,48.3,3175,53676.0,20,372,887.0
12847,348,54.4,310,55694.0,4,46,1042.0
12849,359,63.3,356,66635.0,0,0,
12850,3291,39.5,3160,76316.0,21,477,1153.0
12851,276,62.7,275,39792.0,0,30,625.0
12852,444,60.4,421,46500.0,7,37,610.0
12853,1681,52.3,1619,38813.0,0,111,788.0
12855,224,54.5,215,45000.0,2,14,645.0
12856,144,27.3,144,,6,78,
12857,587,42.1,587,56875.0,8,60,967.0
12858,76,77.0,76,72188.0,0,21,
12859,2122,38.4,2109,66250.0,0,153,1321.0
12860,622,31.9,599,65286.0,8,85,
12861,639,55.1,634,54333.0,2,49,900.0
12862,6,,6,,0,0,
12863,763,39.3,746,116125.0,0,108,888.0
12864,30,49.8,30,,0,3,
12865,3808,47.0,3572,60172.0,59,439,821.0
12866,38758,43.2,34922,77977.0,1081,7646,1173.0
12870,1219,46.4,1189,48542.0,8,179,670.0
12871,4356,39.5,3999,68493.0,157,505,885.0
12872,42,49.7,42,29625.0,0,0,
12873,784,50.0,783,47917.0,5,133,1031.0
12874,148,70.5,146,71458.0,0,43,
12878,630,54.0,601,51389.0,0,33,734.0
12883,4929,44.7,4815,48750.0,47,424,736.0
12884,460,36.3,437,43750.0,19,18,1024.0
12885,4371,46.3,4141,48264.0,79,300,773.0
12886,179,50.8,171,98571.0,10,5,
12887,4834,40.9,4769,44677.0,11,250,787.0
12901,33291,34.9,29763,48563.0,905,2728,767.0
12903,1098,55.4,1007,57625.0,7,191,1249.0
12910,2066,38.0,1688,45444.0,36,64,758.0
12911,20,25.8,20,,0,0,
12912,2196,41.0,2152,57819.0,2,179,726.0
12913,1297,45.2,1275,57813.0,21,200,648.0
12914,966,31.6,622,50938.0,11,38,686.0
12916,2035,47.6,1928,62549.0,18,125,635.0
12917,1352,47.1,1280,52171.0,6,92,657.0
12918,2293,39.3,2135,61886.0,14,317,797.0
12919,3098,41.2,3000,35641.0,2,179,687.0
12920,2440,46.2,2285,55615.0,26,111,708.0
12921,2559,45.2,2404,74668.0,57,212,884.0
12922,41,56.9,40,,0,6,
12923,606,50.8,595,41667.0,0,38,394.0
12924,120,48.5,120,,0,0,
12926,2083,45.2,2004,47857.0,19,94,583.0
12927,196,60.9,196,35625.0,0,40,
12928,1834,44.9,1799,52878.0,27,91,867.0
12929,3916,36.0,1589,46500.0,239,53,786.0
12930,786,38.1,685,48750.0,4,42,775.0
12932,1312,55.3,1216,47950.0,8,157,765.0
12933,41,44.6,22,,3,11,
12934,955,44.9,938,43036.0,7,32,712.0
12935,1530,45.4,1478,49563.0,8,78,682.0
12936,452,55.0,445,64167.0,15,73,394.0
12937,1960,36.4,1369,44609.0,25,106,815.0
12939,233,37.7,233,56389.0,13,19,1117.0
12941,1297,52.9,1279,65099.0,4,149,1272.0
12942,836,50.9,792,56528.0,1,164,
12943,320,45.6,318,41667.0,4,98,1058.0
12944,4334,44.6,4036,48000.0,78,392,817.0
12945,523,41.0,523,62303.0,0,28,
12946,5005,42.8,4535,60801.0,141,851,850.0
12950,840,47.1,731,68750.0,12,20,736.0
12952,585,33.0,365,32222.0,19,41,783.0
12953,15778,37.0,12105,49561.0,411,814,665.0
12955,410,38.3,318,62000.0,15,33,697.0
12956,1326,31.5,1199,57188.0,5,97,
12957,1816,39.9,1793,39006.0,15,77,743.0
12958,2174,45.9,2082,50625.0,20,235,
12959,1321,49.1,1312,37601.0,0,92,
12960,1221,45.8,1190,79622.0,2,79,
12961,294,53.1,254,28980.0,0,0,
12962,5787,45.4,5462,71033.0,75,523,774.0
12964,125,38.2,121,158438.0,0,11,1591.0
12965,558,38.5,547,41375.0,8,32,
12966,2717,37.3,2639,47500.0,16,101,737.0
12967,1216,36.2,1142,43950.0,12,56,
12969,497,49.1,463,41058.0,7,39,
12970,975,20.3,853,54167.0,5,84,
12972,5624,44.0,5543,67794.0,88,458,735.0
12973,112,58.1,112,61071.0,2,19,
12974,1520,50.6,1435,51389.0,2,163,625.0
12975,277,48.2,268,,0,29,767.0
12976,213,51.9,206,68750.0,4,46,
12977,1810,35.2,477,,203,0,
12978,353,33.9,331,,0,22,
12979,2141,43.7,2072,57727.0,123,186,594.0
12980,1265,47.2,1230,41477.0,24,97,633.0
12981,2226,39.9,2180,64167.0,17,134,761.0
12983,7531,47.2,7125,55365.0,13,1047,743.0
12985,1352,38.1,1217,41312.0,0,76,1120.0
12986,6099,43.0,5707,54861.0,46,482,652.0
12987,217,57.7,217,32500.0,0,39,
12989,945,52.3,877,66167.0,39,142,825.0
12992,4762,42.0,4668,51433.0,67,289,774.0
12993,1469,55.5,1411,47727.0,9,197,744.0
12996,2094,53.6,1989,63750.0,23,146,820.0
12997,1310,44.5,1214,58229.0,17,180,879.0
12998,334,48.5,275,42734.0,0,11,
13020,132,46.1,132,56750.0,0,40,
13021,38550,42.6,34842,48869.0,305,4244,708.0
13024,1705,38.0,442,,149,22,
13026,1750,34.3,1404,62188.0,98,190,697.0
13027,32603,44.2,30323,72908.0,163,5615,848.0
13028,1445,41.9,1419,57500.0,0,42,928.0
13029,7227,40.7,6759,70443.0,41,933,941.0
13030,3568,42.4,3427,62625.0,16,237,760.0
13031,15950,43.4,14822,72334.0,223,2799,936.0
13032,12001,44.9,11619,57078.0,8,1097,827.0
13033,3680,41.4,3514,60000.0,6,388,702.0
13034,1936,43.8,1887,65625.0,3,169,710.0
13035,8817,46.2,8274,73750.0,148,1616,865.0
13036,8777,43.1,8524,53358.0,19,631,763.0
13037,9235,42.2,8863,71098.0,58,1158,708.0
13039,17681,40.8,16768,88233.0,77,2715,855.0
13040,2492,42.5,2352,49155.0,9,130,804.0
13041,11762,38.1,10093,83774.0,195,1926,1125.0
13042,2775,34.7,2762,51855.0,2,49,985.0
13044,2230,48.6,2194,59583.0,41,176,649.0
13045,29439,32.9,26877,50042.0,219,2886,743.0
13051,234,40.8,234,,0,0,737.0
13052,1627,45.9,1472,54375.0,0,81,654.0
13053,4857,41.9,4390,66136.0,178,575,781.0
13054,1545,43.1,1521,65714.0,0,79,1277.0
13057,13894,46.2,12901,58788.0,251,1851,818.0
13060,2974,47.0,2829,69107.0,15,200,854.0
13061,1039,49.8,1014,68889.0,8,192,890.0
13062,63,11.8,63,,0,7,
13063,1914,39.7,1636,82500.0,173,244,886.0
13064,52,65.2,52,,0,17,
13066,12467,45.9,11087,84193.0,504,2364,1037.0
13068,5500,36.5,5037,61761.0,117,696,848.0
13069,24728,38.7,23350,46300.0,187,1610,758.0
13071,834,48.7,830,61607.0,2,124,649.0
13072,612,51.9,602,53000.0,0,22,625.0
13073,6462,42.6,5879,58125.0,37,721,811.0
13074,4187,41.2,4033,54347.0,21,158,773.0
13076,2363,45.8,2261,54855.0,0,76,
13077,7074,40.9,6723,60337.0,98,729,742.0
13078,10439,46.4,8152,87596.0,503,1805,1034.0
13080,3410,44.1,3274,56226.0,51,458,592.0
13081,1068,50.3,1043,74250.0,10,154,764.0
13082,4685,45.5,4596,72131.0,35,567,745.0
13083,1893,43.2,1831,63450.0,8,139,656.0
13084,3834,42.5,3584,63438.0,3,496,842.0
13087,152,58.7,152,147907.0,0,49,
13088,22320,44.6,19831,54647.0,480,3313,874.0
13090,29893,38.4,25536,71952.0,310,4883,933.0
13092,2461,41.5,2309,66838.0,32,247,729.0
13101,2338,37.9,2217,63381.0,7,204,660.0
13102,20,,20,,0,0,
13103,320,40.6,304,67632.0,0,42,684.0
13104,16164,43.3,13753,105000.0,284,3240,868.0
13108,6139,45.9,5940,74490.0,70,1062,810.0
13110,2298,49.5,2169,77431.0,0,356,720.0
13111,1619,48.3,1607,46685.0,4,80,663.0
13112,1850,47.1,1844,58500.0,0,108,
13113,279,33.9,262,71094.0,0,26,690.0
13114,6818,36.4,6547,59590.0,16,472,695.0
13115,175,37.5,174,50909.0,0,27,
13116,3527,38.5,3191,58116.0,21,404,786.0
13117,281,41.7,277,47417.0,0,7,942.0
13118,6155,41.8,5356,54901.0,29,371,655.0
13120,2273,40.1,1409,65091.0,71,192,489.0
13122,1377,37.1,1373,78235.0,14,99,542.0
13123,491,27.0,491,55825.0,0,0,
13124,86,47.6,78,46250.0,0,5,
13126,36250,35.5,32818,50104.0,515,3277,750.0
13131,3761,43.8,3631,56505.0,7,235,789.0
13132,3575,47.9,3407,60185.0,32,332,905.0
13134,181,33.8,167,73929.0,0,16,642.0
13135,6533,41.0,6196,52545.0,28,551,679.0
13136,389,45.8,382,42045.0,0,20,392.0
13140,4530,42.3,4315,53598.0,11,233,778.0
13141,702,32.2,702,51154.0,3,62,887.0
13142,5972,41.7,5793,46161.0,29,353,743.0
13143,2805,40.6,2635,52645.0,5,132,643.0
13144,2046,33.5,1918,46635.0,45,109,713.0
13145,1781,43.3,1759,51028.0,6,94,775.0
13146,2211,46.0,2044,49722.0,4,83,769.0
13147,1316,40.1,1203,54792.0,43,84,911.0
13148,10585,42.3,9789,52331.0,107,1222,768.0
13152,8208,52.0,8000,85556.0,46,1705,890.0
13153,343,53.0,343,43750.0,0,25,775.0
13155,662,45.3,629,51750.0,9,58,618.0
13156,2060,44.8,2034,58333.0,14,168,710.0
13157,540,63.7,498,41250.0,0,58,986.0
13158,1623,46.2,1577,50865.0,10,135,683.0
13159,5209,45.2,4978,71659.0,47,737,860.0
13160,2022,44.9,1710,64405.0,41,188,823.0
13162,306,42.6,306,,0,13,
13163,408,33.5,404,57917.0,2,43,775.0
13164,2449,35.7,2272,77083.0,176,210,742.0
13165,10620,43.5,9942,51379.0,21,789,726.0
13166,5408,43.5,5229,60201.0,12,582,803.0
13167,3168,42.5,3103,51154.0,0,153,850.0
13202,6206,26.8,1743,15000.0,594,664,673.0
13203,17027,35.6,8937,34086.0,1817,1447,745.0
13204,18477,31.7,9519,31735.0,428,1691,761.0
13205,18051,37.0,6206,30604.0,727,1233,772.0
13206,16630,35.3,11775,39911.0,532,1891,766.0
13207,13329,35.2,6245,50464.0,280,1391,854.0
13208,22764,33.7,11251,35673.0,3571,1602,736.0
13209,13090,43.8,11093,53054.0,307,1332,768.0
13210,27980,21.4,16077,27690.0,3105,2318,845.0
13211,6669,36.3,5454,45828.0,54,452,873.0
13212,20692,42.4,18472,54610.0,232,2523,850.0
13214,9055,34.1,6464,72841.0,552,1279,799.0
13215,15046,44.7,13546,90345.0,212,2947,962.0
13219,14895,44.5,13657,59485.0,256,2001,884.0
13224,8404,41.0,4593,53021.0,384,1075,789.0
13301,91,57.8,91,76250.0,0,8,
13302,1678,42.3,1602,49076.0,14,39,695.0
13303,1197,51.3,1189,66042.0,0,129,905.0
13304,1556,48.3,1492,75769.0,0,193,743.0
13305,417,31.1,417,47200.0,0,72,
13308,2816,48.4,2772,49000.0,0,194,800.0
13309,5775,45.7,5572,53915.0,37,370,583.0
13310,459,45.1,459,45804.0,12,43,
13312,424,55.5,415,49583.0,5,35,1014.0
13313,522,30.8,474,40000.0,14,29,711.0
13314,472,44.3,472,41711.0,0,31,
13315,1444,42.3,1419,56923.0,0,105,1125.0
13316,6368,43.8,6154,50038.0,22,421,662.0
13317,3983,37.5,3653,49609.0,13,246,726.0
13318,1279,43.8,1264,64274.0,7,82,850.0
13319,654,36.4,619,36600.0,10,77,860.0
13320,2125,43.2,2077,58182.0,21,224,807.0
13321,1037,37.3,997,40694.0,0,112,720.0
13322,887,50.9,864,55938.0,2,129,727.0
13323,11212,43.4,10016,61381.0,284,1544,1013.0
13324,2269,45.1,2224,43477.0,9,174,643.0
13325,1066,44.5,1037,50263.0,0,39,1069.0
13326,5523,50.9,5036,61204.0,89,783,827.0
13327,1983,41.7,1900,47679.0,30,102,606.0
13328,1500,36.5,1481,61932.0,8,237,544.0
13329,4164,40.3,4037,43810.0,18,123,639.0
13331,144,67.2,144,45250.0,0,41,
13332,2739,38.0,2621,50262.0,2,219,819.0
13333,36,70.3,36,33750.0,0,0,
13334,1205,37.2,1202,62500.0,0,74,
13335,1488,45.3,1412,59306.0,0,131,677.0
13337,708,51.7,645,69286.0,0,118,743.0
13338,1140,55.5,1104,50652.0,3,118,538.0
13339,6299,43.1,5896,45300.0,85,368,649.0
13340,8268,44.1,7949,53831.0,61,732,692.0
13341,132,42.8,128,112891.0,0,33,
13342,271,50.9,271,70000.0,0,21,
13343,1794,46.5,1784,59306.0,0,135,626.0
13345,158,41.5,158,93173.0,0,10,
13346,6210,22.9,5046,75690.0,252,691,861.0
13348,1351,41.3,1322,52235.0,8,145,735.0
13350,9891,43.9,9143,46176.0,70,807,741.0
13352,38,,38,,0,0,
13353,15,65.2,15,35625.0,0,0,
13354,3710,42.8,3661,78618.0,7,396,658.0
13355,769,37.1,769,58611.0,0,78,797.0
13357,10768,40.3,9972,46283.0,28,868,644.0
13360,246,36.8,246,54375.0,0,61,
13361,900,37.5,862,63125.0,9,80,
13362,191,38.8,191,,0,12,
13363,2115,48.4,2054,59840.0,0,251,1250.0
13364,101,50.3,101,31650.0,0,16,
13365,8690,43.1,8353,50183.0,64,778,603.0
13367,8527,41.1,8024,57679.0,168,626,738.0
13368,1170,46.5,1090,46920.0,0,67,757.0
13402,1979,50.3,1934,52241.0,4,151,475.0
13403,7504,41.0,5542,80568.0,257,910,871.0
13404,170,49.8,165,41250.0,0,7,
13406,670,46.3,650,50700.0,26,58,817.0
13407,5200,45.8,4961,48125.0,33,451,595.0
13408,4065,22.4,3273,52162.0,114,170,693.0
13409,2601,40.1,2400,51923.0,0,125,790.0
13410,286,40.7,285,56250.0,0,14,654.0
13411,3297,47.0,3196,46286.0,16,212,600.0
13413,16297,47.1,14677,68731.0,310,2546,890.0
13415,78,29.6,72,48750.0,0,11,
13416,2319,42.4,2231,53309.0,0,161,529.0
13417,3503,41.5,3288,37427.0,8,390,801.0
13418,301,41.4,296,58750.0,0,17,
13420,1080,57.9,916,53938.0,18,154,556.0
13421,13638,41.8,12568,46466.0,168,1271,711.0
13424,2560,43.9,2177,54063.0,14,260,895.0
13425,2333,39.1,2212,48000.0,62,238,677.0
13428,1730,36.9,1629,40625.0,9,111,442.0
13431,1778,41.1,1604,54091.0,15,205,733.0
13433,1862,35.5,1814,46314.0,7,56,717.0
13435,285,42.3,280,58000.0,2,34,
13436,125,73.1,125,56250.0,0,11,
13437,409,50.2,409,50833.0,2,16,500.0
13438,3389,50.3,3286,51332.0,35,337,706.0
13439,3656,45.4,3529,50775.0,25,254,728.0
13440,42295,40.4,36806,51580.0,444,3956,752.0
13441,59,25.0,40,,0,0,
13450,59,51.8,54,52396.0,0,2,
13452,4556,40.7,4418,41591.0,36,276,649.0
13454,644,37.8,631,37500.0,14,16,747.0
13456,4107,44.5,3791,66049.0,58,508,904.0
13459,2292,42.4,2122,50943.0,25,234,873.0
13460,4262,44.7,4024,44471.0,44,332,636.0
13461,3054,46.9,2907,58795.0,13,369,669.0
13464,1392,45.2,1337,42197.0,0,101,515.0
13468,419,35.6,414,58750.0,0,27,584.0
13469,995,45.6,986,80357.0,0,80,
13470,666,54.5,648,41500.0,14,38,514.0
13471,3341,40.3,3150,48782.0,0,120,807.0
13472,54,59.3,54,,0,0,
13473,569,48.9,541,55625.0,9,37,1047.0
13475,23,46.2,23,,0,3,
13476,3332,43.3,3035,64821.0,15,367,685.0
13477,1532,32.6,1514,47862.0,0,159,598.0
13478,3018,46.7,2966,57721.0,16,182,658.0
13480,3469,46.2,3397,52813.0,0,396,652.0
13483,306,35.9,306,,0,0,875.0
13484,187,42.1,187,,0,13,
13485,1014,48.2,996,39792.0,4,47,740.0
13486,837,44.2,837,56875.0,3,66,782.0
13488,154,39.1,138,50625.0,4,31,
13489,615,44.4,580,51250.0,16,35,761.0
13490,1659,38.1,1438,62643.0,0,137,818.0
13491,3450,43.4,3260,55125.0,20,279,658.0
13492,11351,47.6,11117,59583.0,43,1656,707.0
13493,1779,38.9,1723,50521.0,5,80,682.0
13494,232,55.4,230,63333.0,0,29,
13495,2123,35.1,1902,54583.0,19,262,698.0
13501,38415,33.1,20216,33710.0,5583,2674,681.0
13502,31925,37.9,23534,41475.0,1097,2882,711.0
13601,38117,32.6,30547,46365.0,878,2852,851.0
13602,4236,21.8,2343,38000.0,40,119,1587.0
13603,10094,22.2,5361,42864.0,469,676,1418.0
13605,4736,38.0,4524,50385.0,27,293,777.0
13606,2795,43.8,2736,64698.0,18,177,869.0
13607,1374,54.6,1283,48606.0,12,163,713.0
13608,1491,35.4,1408,45000.0,12,49,760.0
13612,2382,35.0,2098,64877.0,49,288,938.0
13613,2850,36.3,2681,50262.0,32,150,700.0
13614,208,57.0,190,25625.0,0,10,
13615,1149,44.0,1125,56250.0,0,128,763.0
13616,2204,29.4,1480,54432.0,30,153,1197.0
13617,11285,28.6,10193,57365.0,452,1082,920.0
13618,1749,50.2,1640,52700.0,8,194,633.0
13619,10829,34.5,9673,50701.0,93,722,858.0
13620,2136,35.5,2091,37083.0,19,103,692.0
13621,482,41.2,473,42788.0,5,26,1135.0
13622,2409,40.1,2298,61905.0,20,198,1035.0
13623,18,58.3,18,63333.0,0,3,
13624,5771,39.5,4946,65826.0,105,543,875.0
13625,1912,48.6,1866,56993.0,10,173,621.0
13626,2313,37.7,2142,48438.0,18,84,906.0
13628,180,31.5,167,44750.0,1,22,970.0
13630,1361,40.3,1325,51513.0,25,122,639.0
13633,364,37.6,361,69375.0,11,16,633.0
13634,4109,42.2,4034,53250.0,47,277,475.0
13635,1079,43.0,1039,48021.0,42,75,730.0
13636,318,37.0,302,67625.0,0,26,878.0
13637,4281,27.3,2431,52379.0,72,566,1159.0
13638,332,30.5,301,38920.0,0,21,1240.0
13639,263,43.5,261,48750.0,0,5,904.0
13640,394,64.1,394,46667.0,0,108,
13641,59,79.1,59,,4,5,
13642,9882,38.6,8935,40619.0,145,406,752.0
13646,2243,46.7,2165,45602.0,22,136,719.0
13647,43,74.6,31,,0,0,
13648,2376,42.2,2335,44489.0,30,133,700.0
13650,1565,50.2,1496,60046.0,0,222,826.0
13651,156,67.2,156,105417.0,0,33,
13652,1785,46.6,1733,58281.0,17,129,625.0
13654,3177,29.0,3100,51688.0,14,128,617.0
13655,3398,45.7,183,36712.0,241,151,443.0
13656,2944,38.5,2848,55078.0,5,160,699.0
13658,2065,44.6,2006,60000.0,29,117,542.0
13659,494,48.8,491,49688.0,0,29,789.0
13660,1716,40.6,1641,48618.0,36,140,667.0
13661,1435,43.2,1366,73462.0,22,162,821.0
13662,16481,43.1,15472,47394.0,346,1533,733.0
13664,328,42.4,319,68125.0,6,37,1009.0
13665,929,48.0,907,63068.0,0,38,743.0
13666,241,45.2,233,23917.0,0,22,
13667,2976,33.6,2833,42917.0,20,231,762.0
13668,3533,42.4,3362,51905.0,33,282,693.0
13669,15733,42.8,13803,46905.0,351,1246,616.0
13670,419,53.9,393,37083.0,0,10,700.0
13672,868,29.7,827,53359.0,6,84,738.0
13673,2314,34.1,2048,49205.0,18,199,725.0
13674,177,5.8,177,48854.0,0,0,
13675,198,21.8,198,61548.0,0,21,
13676,17097,24.3,14986,50000.0,804,1314,790.0
13677,106,52.9,106,,0,0,
13678,254,33.8,254,,0,0,640.0
13679,2044,39.8,1993,46563.0,0,62,880.0
13680,1477,35.2,1374,36389.0,0,52,775.0
13681,829,31.4,801,53333.0,0,53,631.0
13682,854,44.8,850,65625.0,6,48,1250.0
13684,1099,37.0,1069,46731.0,0,91,609.0
13685,2461,33.0,2254,57212.0,43,358,1054.0
13687,438,49.0,438,47292.0,0,37,600.0
13690,705,52.5,667,41591.0,6,32,500.0
13691,2937,38.0,2692,58750.0,34,160,955.0
13692,55,73.3,55,57946.0,0,19,
13693,486,43.6,486,45417.0,0,33,
13694,1445,47.1,1335,70333.0,9,158,814.0
13695,154,52.9,132,100556.0,0,27,
13696,44,60.4,44,,0,0,
13697,1905,42.7,1883,39167.0,0,167,808.0
13730,2684,48.8,2560,51580.0,12,190,562.0
13731,945,55.4,926,48681.0,21,160,1020.0
13732,7701,45.5,7563,81106.0,29,1161,633.0
13733,4957,45.7,4825,49821.0,39,436,754.0
13734,2230,38.8,2135,47065.0,0,139,624.0
13736,2155,41.2,2121,61827.0,4,142,916.0
13739,739,48.1,714,56818.0,7,128,663.0
13740,551,51.7,508,72500.0,16,94,758.0
13743,3433,44.9,3341,57866.0,0,304,682.0
13744,1193,47.3,1176,59853.0,1,173,
13746,2027,50.2,1919,51667.0,5,191,693.0
13748,3687,40.8,3434,51875.0,0,269,672.0
13750,963,52.6,866,41583.0,30,73,831.0
13751,111,29.8,111,,0,9,686.0
13752,832,52.4,776,54583.0,2,87,831.0
13753,5692,29.5,4614,52192.0,64,478,771.0
13754,3368,47.8,3114,38690.0,38,238,681.0
13755,1145,53.6,1123,43438.0,16,48,508.0
13756,412,49.3,412,51250.0,0,0,699.0
13757,1294,45.8,1255,54123.0,20,126,846.0
13760,43670,44.1,38624,54972.0,665,6151,718.0
13774,168,28.8,168,33750.0,0,0,
13775,1750,52.3,1732,52176.0,18,182,675.0
13776,524,54.4,508,55313.0,16,79,555.0
13777,390,51.7,380,63750.0,0,18,
13778,5703,42.9,5460,57365.0,29,500,574.0
13780,902,49.1,844,50977.0,6,76,
13782,670,55.5,608,52143.0,2,70,961.0
13783,2589,47.0,2417,38625.0,72,99,588.0
13784,115,24.9,115,29712.0,0,0,
13786,470,47.6,458,50625.0,19,39,1071.0
13787,3609,41.4,3481,44177.0,0,170,682.0
13788,1009,51.6,974,49800.0,13,152,710.0
13790,18053,37.7,14280,42454.0,878,1974,764.0
13794,71,30.6,71,57500.0,0,7,
13795,3488,44.7,3156,51987.0,32,187,772.0
13796,1519,44.2,1431,61458.0,62,191,741.0
13797,2111,41.9,2047,49400.0,0,80,743.0
13801,1442,46.0,1303,37426.0,8,89,690.0
13802,761,44.5,648,59438.0,4,73,
13803,4096,40.1,3914,58493.0,12,234,733.0
13804,414,45.8,405,55917.0,0,24,660.0
13806,282,49.4,247,40313.0,31,39,567.0
13807,1185,48.1,1123,49667.0,3,102,759.0
13808,1464,46.5,1387,53095.0,9,205,709.0
13809,1729,44.0,1632,52734.0,0,70,783.0
13810,1060,50.6,1011,44489.0,20,113,678.0
13811,4476,42.0,4339,59009.0,2,416,676.0
13812,2512,40.3,2371,56042.0,15,175,664.0
13813,510,59.2,407,50375.0,4,56,
13815,13172,40.9,12417,47031.0,158,993,649.0
13820,21960,29.2,18792,46659.0,408,2171,862.0
13825,3349,48.6,3227,53750.0,44,344,742.0
13826,13,,13,,0,0,
13827,11279,47.3,10553,52538.0,76,1425,701.0
13830,5094,47.5,4752,47679.0,49,316,684.0
13832,669,39.2,650,40313.0,0,32,625.0
13833,4131,45.8,4020,55013.0,20,337,740.0
13834,238,27.1,231,71037.0,0,27,1556.0
13835,1339,44.3,1302,50441.0,8,94,650.0
13838,4434,37.4,4180,37981.0,121,330,674.0
13839,1092,56.3,1009,44792.0,21,24,708.0
13841,571,45.2,470,39091.0,5,55,758.0
13842,524,45.9,456,66964.0,10,50,
13843,2198,44.7,2142,50927.0,4,189,714.0
13844,852,40.0,807,47188.0,0,38,678.0
13846,331,59.2,313,31250.0,0,54,
13847,71,27.8,71,,0,14,
13849,4111,47.7,3946,43821.0,24,329,730.0
13850,22204,42.5,18057,62279.0,1487,3071,932.0
13856,6059,42.3,5790,49201.0,77,448,705.0
13859,279,34.8,270,66250.0,0,0,
13860,80,28.2,80,83250.0,0,10,
13861,328,38.0,262,110375.0,0,50,
13862,4508,39.0,4384,60950.0,36,332,671.0
13863,638,30.9,575,56667.0,0,19,914.0
13864,1089,36.0,991,38695.0,0,126,745.0
13865,6232,42.0,6068,67077.0,22,441,619.0
13901,19467,40.5,16733,44089.0,306,2023,637.0
13902,6240,19.6,3553,,442,0,
13903,18400,41.9,15127,46021.0,523,1820,699.0
13904,9965,39.3,8102,47656.0,200,866,754.0
13905,26509,37.3,20205,38602.0,1348,2684,742.0
14001,9637,45.4,9167,59197.0,195,1013,751.0
14004,12545,43.2,10726,70943.0,97,1551,755.0
14005,1904,45.0,1835,58611.0,1,122,707.0
14006,9861,48.3,9116,56855.0,86,874,774.0
14008,1286,48.7,1246,56691.0,10,77,833.0
14009,5336,42.3,5069,46857.0,21,331,641.0
14011,9706,38.1,7138,64009.0,184,561,671.0
14012,2488,40.9,2232,55856.0,38,201,697.0
14013,1630,47.4,1147,53272.0,0,79,782.0
14020,22692,43.5,20098,50050.0,176,2122,753.0
14024,1729,40.0,1685,59205.0,4,117,769.0
14025,2904,47.7,2885,57585.0,10,253,792.0
14026,641,52.5,630,81375.0,0,69,643.0
14028,1548,44.8,1491,75242.0,3,228,853.0
14030,1830,44.0,1772,63421.0,0,109,830.0
14031,10258,45.3,9311,81452.0,115,1662,666.0
14032,8660,41.1,8228,106701.0,162,1359,1006.0
14033,2103,48.2,1988,84211.0,24,399,704.0
14034,2886,43.9,2167,59118.0,58,193,550.0
14035,101,38.8,101,70859.0,0,5,
14036,5183,45.7,4944,63661.0,19,601,830.0
14037,1006,44.9,976,70000.0,0,85,523.0
14039,102,29.9,102,55313.0,0,10,550.0
14040,2021,48.2,1961,54119.0,24,83,826.0
14041,176,24.2,169,46389.0,0,6,828.0
14042,3984,40.1,3877,42311.0,12,216,636.0
14043,24512,43.5,22986,57611.0,546,2947,785.0
14047,6430,45.5,6220,64485.0,64,695,767.0
14048,14303,42.6,9408,36341.0,404,924,641.0
14051,19820,45.6,16789,113750.0,774,3847,1507.0
14052,16382,46.5,15875,75388.0,68,2966,763.0
14054,1291,43.1,1102,57679.0,34,104,671.0
14055,1419,47.8,1367,65321.0,6,111,497.0
14057,8158,47.5,7991,70957.0,59,1114,703.0
14058,1930,42.7,1629,63571.0,54,191,755.0
14059,9864,50.7,9830,74884.0,23,1642,905.0
14060,303,58.1,292,46250.0,0,9,
14061,347,38.3,327,53906.0,6,23,770.0
14062,3159,50.1,2852,51341.0,29,159,630.0
14063,14725,31.8,12869,51489.0,330,1536,709.0
14065,1811,43.2,1787,49853.0,0,88,718.0
14066,1176,45.0,1148,53929.0,1,80,675.0
14067,5494,42.4,5161,53625.0,64,272,760.0
14068,7066,52.1,6052,76579.0,442,932,1011.0
14069,913,53.8,904,55278.0,10,94,397.0
14070,6619,40.9,4866,38260.0,149,380,615.0
14072,20855,41.9,19430,81818.0,536,3241,942.0
14075,42883,45.6,41178,67063.0,224,6265,826.0
14080,4009,46.6,3905,65674.0,0,389,550.0
14081,3097,49.1,1746,47805.0,5,225,653.0
14082,474,51.9,474,57857.0,0,40,
14085,7245,39.8,7031,82351.0,99,969,777.0
14086,32730,43.1,31411,79596.0,223,4945,746.0
14091,1043,41.7,782,52232.0,8,79,550.0
14092,11331,51.8,10186,63545.0,298,1875,786.0
14094,49308,42.4,43794,53029.0,668,5176,652.0
14098,2988,43.0,2773,56833.0,18,200,739.0
14101,1944,44.8,1883,52736.0,11,94,766.0
14102,1312,40.7,1267,93558.0,16,108,
14103,10531,42.4,9031,45946.0,125,785,676.0
14105,4481,43.0,4339,60486.0,19,308,647.0
14108,6206,41.9,6095,57043.0,39,570,667.0
14109,1155,19.4,967,,40,3,
14111,3493,41.4,3223,56250.0,42,331,635.0
14113,621,43.4,613,44886.0,17,54,669.0
14120,44686,44.0,41806,59802.0,487,4886,671.0
14125,3771,38.9,3559,56184.0,30,196,701.0
14126,486,49.4,486,,0,52,819.0
14127,30779,45.5,29037,88197.0,232,5493,950.0
14129,1593,45.2,1195,46932.0,47,68,622.0
14130,118,55.8,110,36250.0,0,11,
14131,5107,50.1,4882,71051.0,77,404,1066.0
14132,6217,44.6,5396,65553.0,148,644,648.0
14134,135,41.8,135,78250.0,0,6,
14135,87,61.1,85,46458.0,0,6,
14136,5027,42.6,4663,51694.0,37,455,706.0
14138,1992,36.7,1906,48942.0,0,95,611.0
14139,2496,42.7,2296,82993.0,49,446,724.0
14141,7423,44.9,7096,56114.0,43,729,618.0
14143,1154,47.1,1084,55610.0,4,125,708.0
14145,1650,46.0,1592,59837.0,0,129,789.0
14150,40930,46.3,36675,52783.0,909,5337,804.0
14167,1718,45.1,1657,60714.0,10,120,635.0
14168,79,13.6,35,,0,8,
14169,132,42.8,132,30875.0,0,0,
14170,2681,43.8,2552,73873.0,16,210,706.0
14171,2219,41.0,2073,50875.0,5,165,861.0
14172,2826,45.5,2743,56339.0,18,341,717.0
14173,361,46.6,361,,0,28,688.0
14174,5474,46.7,5240,66731.0,132,775,755.0
14201,11100,31.5,4731,27369.0,385,1173,666.0
14202,3450,34.4,1883,44049.0,139,472,543.0
14203,1635,34.6,537,33388.0,69,317,815.0
14204,9022,42.8,1401,25267.0,70,464,504.0
14206,20248,38.6,15659,37200.0,278,1491,667.0
14207,24030,31.5,11112,26448.0,3241,1447,664.0
14208,10922,28.6,1596,24414.0,326,735,777.0
14209,7859,38.3,3484,33327.0,329,1045,764.0
14210,14967,33.3,11641,37384.0,194,943,730.0
14211,22115,31.7,2902,25019.0,704,1109,718.0
14212,10438,35.1,4646,23362.0,812,564,642.0
14213,24708,28.9,8749,31445.0,5072,2258,743.0
14214,19095,32.1,9606,44310.0,1287,2950,808.0
14215,40088,32.8,5110,35160.0,936,2397,758.0
14216,22399,36.7,16046,52724.0,522,3896,813.0
14217,23078,43.2,20787,52551.0,367,3208,727.0
14218,18957,37.6,14809,36530.0,744,1041,632.0
14219,11753,41.4,10730,51972.0,216,1149,755.0
14220,24064,36.6,20203,50856.0,413,2630,724.0
14221,54320,47.1,46917,80558.0,2373,10992,1185.0
14222,14562,29.9,10370,52868.0,590,2992,848.0
14223,22795,41.6,20310,60149.0,335,3663,797.0
14224,40784,45.6,39117,63809.0,255,5298,783.0
14225,33510,39.9,26832,47210.0,435,3464,768.0
14226,29460,37.0,22327,68810.0,2087,5323,880.0
14227,22457,47.9,19859,52385.0,735,2367,861.0
14228,22045,32.9,15475,49704.0,2916,3646,975.0
14261,5819,19.6,3075,,634,107,
14301,12682,37.4,7430,26019.0,271,738,570.0
14302,89,87.5,81,,0,8,
14303,5763,36.3,3469,30574.0,224,247,675.0
14304,28977,45.3,25440,50754.0,524,2461,701.0
14305,16913,35.9,10354,35647.0,208,1320,693.0
14411,14237,41.5,11311,44659.0,524,897,690.0
14414,7049,41.4,6691,55775.0,132,816,810.0
14415,161,51.3,137,,0,5,
14416,3505,47.5,3182,51827.0,18,330,737.0
14418,1376,45.9,1311,71458.0,15,151,1155.0
14420,20955,31.8,18392,56292.0,726,2085,792.0
14422,2478,41.8,2431,62357.0,20,210,869.0
14423,4782,42.7,4421,53028.0,164,402,734.0
14424,27609,46.3,25838,58233.0,430,3848,868.0
14425,11754,36.6,10435,67819.0,200,1919,1076.0
14427,2116,37.9,1997,55068.0,22,128,682.0
14428,7814,46.6,7482,71409.0,93,1302,1067.0
14432,6142,42.8,5802,59006.0,89,568,638.0
14433,4382,32.8,3987,55075.0,37,103,803.0
14435,2810,48.7,2666,64313.0,17,343,841.0
14437,11511,42.1,9978,43570.0,115,573,674.0
14441,429,35.0,348,55833.0,39,38,860.0
14445,8006,35.2,6736,50551.0,62,1083,885.0
14450,41298,46.2,36970,81696.0,674,9375,963.0
14454,11267,22.0,9961,44916.0,607,871,833.0
14456,19599,38.1,14361,45955.0,856,1752,759.0
14462,591,33.8,562,59423.0,0,57,725.0
14464,7614,39.0,7096,57652.0,33,743,721.0
14466,1583,52.8,1530,75900.0,19,102,523.0
14467,10413,41.3,7949,68974.0,197,1355,947.0
14468,18320,40.7,17198,71009.0,92,2013,961.0
14469,6170,47.0,6002,65952.0,20,742,745.0
14470,7815,44.6,7287,49881.0,85,592,664.0
14471,2636,48.1,2230,60478.0,0,349,908.0
14472,8297,45.8,7895,85826.0,63,1542,864.0
14475,257,46.7,224,66875.0,24,79,
14476,2285,39.2,2141,53643.0,15,188,830.0
14477,1540,49.6,1487,62188.0,0,109,725.0
14478,1429,20.9,1140,86932.0,121,84,
14479,207,48.8,207,56875.0,0,0,
14480,1049,47.7,902,39423.0,0,76,843.0
14481,1818,45.8,1662,54607.0,4,193,760.0
14482,8304,39.0,7695,53083.0,28,892,755.0
14485,4243,41.7,3875,56667.0,65,536,713.0
14486,349,56.9,332,62200.0,0,34,
14487,5859,43.0,5636,70250.0,20,738,855.0
14489,6998,44.3,6066,49259.0,57,478,738.0
14502,10960,42.5,10317,66887.0,89,1381,759.0
14504,1873,36.8,1805,55598.0,14,147,851.0
14505,5082,43.5,4707,65458.0,26,488,803.0
14506,1468,46.5,1458,129196.0,9,397,
14507,1315,41.6,1250,60357.0,7,173,731.0
14510,4690,41.3,3782,46825.0,46,278,710.0
14511,601,31.7,570,53044.0,0,142,
14512,4556,49.8,4420,55179.0,62,518,657.0
14513,13776,45.4,11722,43037.0,46,1010,716.0
14514,6812,42.1,5944,62381.0,261,988,990.0
14516,2384,48.7,2130,58938.0,67,190,813.0
14517,2945,46.3,2855,44243.0,6,160,572.0
14519,11842,44.4,11047,61758.0,83,1396,834.0
14521,2436,37.2,2305,48977.0,6,171,694.0
14522,9100,44.7,8595,51913.0,32,789,738.0
14525,2623,41.8,2482,74074.0,19,215,640.0
14526,20662,44.3,18080,82143.0,272,3917,861.0
14527,12979,43.6,12509,51159.0,103,1129,749.0
14529,149,48.8,149,111302.0,0,0,
14530,5304,43.3,4909,52064.0,139,485,707.0
14532,4538,41.3,4507,62271.0,5,396,763.0
14533,1837,42.1,1789,56042.0,6,167,768.0
14534,31596,46.3,27352,111420.0,1220,7480,1379.0
14536,556,43.7,519,42813.0,1,40,650.0
14537,134,30.0,134,32708.0,0,0,
14539,174,40.2,151,54306.0,0,20,
14541,4398,35.7,2854,61107.0,58,235,909.0
14542,40,63.0,40,,0,4,
14543,3285,49.4,2991,82143.0,43,584,959.0
14544,1963,42.8,1848,51797.0,3,138,629.0
14545,189,51.1,159,70417.0,0,22,
14546,4529,38.0,4034,60000.0,23,643,1056.0
14548,3791,48.8,3724,61708.0,6,330,839.0
14549,41,56.7,41,,0,5,514.0
14550,1745,41.3,1639,49408.0,12,99,610.0
14551,5322,44.4,4449,47169.0,40,346,741.0
14555,1124,53.4,1088,40761.0,4,103,783.0
14559,18687,42.0,16969,77167.0,284,2852,1051.0
14560,2188,45.4,2163,58000.0,4,242,938.0
14561,2929,41.9,2858,65850.0,11,388,824.0
14564,14999,42.5,14221,98560.0,226,3015,1260.0
14568,6009,38.5,5675,79805.0,49,970,737.0
14569,5998,41.9,5612,55994.0,49,371,556.0
14571,1061,51.0,983,47632.0,44,46,
14572,4964,46.9,4769,49356.0,7,259,711.0
14580,51917,44.7,45878,77159.0,1705,9451,992.0
14585,83,67.6,83,48750.0,0,22,
14586,11691,34.8,8375,82076.0,826,1753,1108.0
14588,707,36.4,306,,11,0,
14589,7550,45.2,6501,54896.0,137,604,692.0
14590,5244,42.3,4783,43827.0,61,294,533.0
14591,1519,47.4,1483,56932.0,4,161,638.0
14592,207,56.0,207,60625.0,0,11,
14604,1932,44.5,937,16764.0,133,241,583.0
14605,13106,26.7,1397,21047.0,690,616,693.0
14606,27890,37.1,15782,41158.0,1406,1902,837.0
14607,16818,30.7,13379,42589.0,710,3826,811.0
14608,12340,30.0,2344,20761.0,1236,864,757.0
14609,42860,34.6,19603,42012.0,1466,4103,857.0
14610,14031,44.5,11701,62923.0,603,3254,882.0
14611,17169,29.9,3614,25772.0,337,639,825.0
14612,34118,46.1,28759,59034.0,443,5221,850.0
14613,13380,30.0,3726,31169.0,1212,638,804.0
14614,1218,29.2,325,,0,35,788.0
14615,16330,36.4,9494,38135.0,684,1699,844.0
14616,27605,41.8,21961,47096.0,749,3006,853.0
14617,22832,44.6,19912,64589.0,448,4422,893.0
14618,22955,40.4,18799,93309.0,1294,4056,1093.0
14619,14353,32.8,2410,37383.0,392,1076,940.0
14620,24519,31.2,16619,41777.0,1893,4333,866.0
14621,33814,32.9,5590,26104.0,1539,1395,767.0
14622,12060,46.5,9835,50953.0,308,1613,897.0
14623,25952,26.9,17911,49972.0,3315,3217,968.0
14624,36265,41.0,29009,64645.0,1187,5009,1012.0
14625,10026,49.3,9467,76642.0,107,2174,946.0
14626,30769,46.0,25658,58330.0,863,4237,999.0
14627,2470,19.5,1646,,395,24,
14701,39595,41.0,33928,37883.0,264,3135,598.0
14706,6235,47.3,5928,51941.0,28,665,658.0
14707,216,54.9,207,80417.0,2,8,
14708,184,27.5,184,61250.0,0,2,
14709,1492,42.9,1432,47115.0,7,111,615.0
14710,3233,49.8,3134,54314.0,26,206,896.0
14711,2072,29.4,1961,46375.0,20,86,654.0
14712,3333,46.5,3291,51667.0,3,422,623.0
14714,512,42.5,503,48409.0,0,21,980.0
14715,2913,37.2,2821,39957.0,26,129,641.0
14716,2845,34.6,2296,39400.0,37,142,578.0
14717,469,49.8,449,36528.0,0,48,668.0
14718,2257,43.2,1971,56580.0,34,189,695.0
14719,3325,44.5,3218,46146.0,0,182,572.0
14720,707,42.8,642,35250.0,7,34,623.0
14721,130,27.5,130,39063.0,0,4,475.0
14722,340,51.9,272,115673.0,15,50,
14723,1123,45.8,1106,54038.0,7,76,764.0
14724,2497,34.9,2476,50417.0,4,142,751.0
14726,1902,26.2,1878,37569.0,7,81,613.0
14727,5114,47.1,4900,49430.0,12,413,630.0
14728,866,60.5,837,42404.0,8,97,
14729,906,50.5,889,61971.0,4,59,669.0
14731,1246,52.9,1155,56696.0,28,177,658.0
14732,141,46.4,136,58750.0,6,5,
14733,3960,35.7,3782,42117.0,39,205,602.0
14735,2879,38.5,2837,37844.0,17,128,575.0
14736,245,53.2,245,46111.0,3,12,913.0
14737,4312,42.1,4159,47321.0,20,248,612.0
14738,3437,53.7,3389,45160.0,0,246,754.0
14739,2677,43.7,2594,40288.0,21,102,623.0
14740,1255,55.1,1240,53966.0,7,105,867.0
14741,2081,44.1,2007,56012.0,6,205,549.0
14742,301,62.8,226,,0,6,
14743,1743,45.7,1665,46691.0,0,124,695.0
14744,2186,21.3,1872,52188.0,134,177,655.0
14747,2268,47.3,2166,45150.0,5,105,506.0
14748,664,33.7,471,26563.0,2,21,565.0
14750,4373,49.1,4238,53519.0,6,629,658.0
14752,221,54.6,221,,26,17,
14753,1105,45.0,1071,34191.0,0,65,631.0
14754,624,46.8,620,46550.0,14,12,571.0
14755,3178,41.3,2930,47682.0,16,197,544.0
14756,81,45.9,81,39211.0,0,48,
14757,3345,42.3,3124,51389.0,73,366,540.0
14760,18207,43.3,16672,43065.0,143,1813,626.0
14767,1938,36.9,1902,45000.0,8,98,610.0
14769,1020,44.2,1018,45682.0,0,112,658.0
14770,2648,44.7,2559,59276.0,16,289,477.0
14772,4025,36.8,3821,41494.0,14,202,577.0
14774,82,49.0,80,60417.0,0,1,
14775,2477,45.2,2399,45104.0,12,181,596.0
14777,579,52.2,535,44091.0,0,43,543.0
14778,1423,19.7,1109,,147,0,
14779,6849,34.8,4521,33059.0,61,388,625.0
14781,2188,34.6,2120,44491.0,3,153,725.0
14782,2558,35.4,2425,44674.0,0,128,675.0
14783,396,38.8,171,31458.0,8,4,
14784,712,43.3,697,44375.0,4,50,753.0
14787,4858,48.9,4460,46964.0,83,434,650.0
14788,152,57.0,136,,0,0,
14801,5529,38.4,5380,49561.0,18,336,612.0
14802,4224,20.0,3298,35125.0,227,92,756.0
14803,918,44.7,867,45000.0,35,137,705.0
14804,1296,43.4,1238,58864.0,7,124,660.0
14805,1146,42.2,1090,56563.0,3,160,859.0
14806,2108,41.7,2057,53403.0,12,129,639.0
14807,2895,45.9,2817,53430.0,34,157,714.0
14808,488,56.0,473,55781.0,5,18,729.0
14809,2331,44.6,2261,46111.0,3,163,693.0
14810,12299,45.4,11375,41061.0,108,823,620.0
14812,3071,38.1,2936,52303.0,11,209,711.0
14813,2519,41.3,2369,46339.0,23,190,596.0
14814,1731,40.0,1723,77330.0,25,265,1021.0
14815,901,51.3,877,49167.0,0,87,733.0
14816,412,42.7,355,61528.0,0,0,
14817,2411,36.0,2041,46901.0,26,285,871.0
14818,2199,49.0,2107,59972.0,23,245,847.0
14819,704,42.0,697,30875.0,8,19,780.0
14820,829,41.4,817,49063.0,0,12,658.0
14821,3011,47.4,2919,51466.0,21,214,708.0
14822,1292,39.6,1213,44110.0,14,85,774.0
14823,3673,43.8,3597,51406.0,0,251,588.0
14824,498,51.0,456,41920.0,0,15,871.0
14825,763,52.6,752,67344.0,0,44,779.0
14826,2016,45.4,1947,44375.0,0,145,632.0
14827,235,29.9,235,62716.0,0,55,
14830,19653,41.3,18061,54079.0,357,2109,763.0
14836,923,49.1,919,74125.0,0,67,725.0
14837,5752,41.2,5551,49615.0,5,433,652.0
14838,1938,44.3,1878,57578.0,10,183,825.0
14839,720,40.7,719,49583.0,0,18,539.0
14840,2829,55.4,2709,53036.0,26,388,705.0
14841,472,63.1,463,45152.0,0,101,
14842,838,51.7,838,39483.0,0,133,
14843,12919,40.6,12098,44792.0,248,950,621.0
14845,21065,45.1,19128,62041.0,341,2901,909.0
14846,817,48.0,812,48958.0,13,37,702.0
14847,2372,44.6,2248,46429.0,32,254,667.0
14850,66021,26.9,46305,51564.0,8304,8692,1113.0
14853,2896,19.5,2138,,240,3,
14854,30,57.7,30,,0,21,
14855,1073,27.4,1064,49779.0,7,39,533.0
14856,219,23.2,219,,0,0,
14858,1445,41.6,1399,47875.0,6,132,783.0
14859,842,48.2,750,56750.0,0,22,618.0
14860,1175,47.4,1161,48558.0,2,94,723.0
14861,1245,48.7,1245,44808.0,16,62,645.0
14864,1195,53.3,1108,54792.0,10,54,686.0
14865,2821,47.1,2745,41542.0,5,228,663.0
14867,5799,44.6,5308,61791.0,19,738,812.0
14869,1167,45.5,1138,52414.0,0,136,591.0
14870,9879,41.5,8322,61846.0,568,1232,925.0
14871,5135,45.9,4611,65700.0,39,451,772.0
14872,672,48.0,606,57188.0,16,45,694.0
14873,2657,42.5,2509,50183.0,2,175,591.0
14874,276,63.1,270,48438.0,0,25,
14877,395,50.8,376,53333.0,2,37,677.0
14878,504,49.6,482,65313.0,0,26,733.0
14879,2142,44.1,2023,54063.0,8,117,701.0
14880,1404,48.3,1369,51250.0,0,58,696.0
14881,263,44.6,263,115495.0,0,122,
14882,4066,38.1,3573,67940.0,112,907,1173.0
14883,4200,45.7,3831,44659.0,81,531,747.0
14884,219,55.0,218,55000.0,0,17,
14885,772,41.0,766,56071.0,5,43,808.0
14886,7295,44.9,6963,65750.0,111,1007,876.0
14889,1750,42.3,1692,51932.0,5,158,775.0
14891,4469,43.5,4117,46406.0,24,295,674.0
14892,8256,40.4,7889,41010.0,28,542,689.0
14893,6,,6,,0,0,
14894,1250,50.7,1208,44821.0,3,97,756.0
14895,9463,47.1,9167,43888.0,27,818,619.0
14897,766,43.7,764,46016.0,2,34,679.0
14898,2019,29.9,2016,41439.0,3,78,664.0
14901,16038,33.8,11420,29072.0,318,781,681.0
14903,7310,40.7,6771,57670.0,99,679,771.0
14904,15861,37.4,12990,42494.0,73,1014,740.0
14905,8796,44.6,8111,53030.0,33,1321,796.0
